TM,Week,Games,LiteNite,Opponents,SOS,MatchUp,B2B,Away,GamesRestOfWeek,GamesROS,Key
ANA,1,2,0,"SEA, S.J",35%,"Good [35,50]",0,2,0,80,ANA1
ANA,2,3,1,"PIT, CBJ, CHI",31%,"Good [44,35,15]",0,1,0,77,ANA2
ANA,3,3,0,"NSH, BOS, T.B",32%,"Good [54,10,50]",0,3,0,74,ANA3
ANA,4,3,2,"FLA, DET, N.J",44%,"Good [51,37,50]",0,1,0,71,ANA4
ANA,5,4,0,"FLA, DAL, VGK, WPG",58%,"Average [51,57,83,40]",2,2,0,67,ANA5
ANA,6,3,0,"CGY, DET, MIN",41%,"Good [45,37,40]",0,3,0,64,ANA6
ANA,7,4,1,"UTA, BOS, OTT, VGK",66%,"Average [77,10,95,83]",2,0,0,60,ANA7
ANA,8,3,1,"VAN, L.A, CHI",14%,"Excellent [14,50,15]",1,1,0,57,ANA8
ANA,9,4,3,"STL, UTA, WSH, CHI",49%,"Good [58,77,45,15]",1,1,0,53,ANA9
ANA,10,3,0,"PIT, NYI, N.J",30%,"Excellent [44,16,50]",0,3,0,50,ANA10
ANA,11,4,2,"NYR, COL, DAL, COL",82%,"Difficult [75,97,57,97]",4,2,0,46,ANA11
ANA,12,2,1,"SEA, L.A",35%,"Good [35,50]",0,1,0,44,ANA12
ANA,13,3,1,"S.J, T.B, MIN",40%,"Good [50,50,40]",0,0,0,41,ANA13
ANA,14,4,1,"WSH, PHI, CBJ, BUF",54%,"Average [45,81,35,55]",2,4,0,37,ANA14
ANA,15,3,1,"DAL, L.A, L.A",57%,"Average [57,50,50]",2,1,0,34,ANA15
ANA,16,4,0,"NYR, CGY, SEA, CAR",57%,"Average [75,45,35,73]",1,3,0,30,ANA16
ANA,17,3,2,"EDM, VAN, VGK",48%,"Good [47,14,83]",1,2,0,27,ANA17
ANA,18,4,1,"SEA, EDM, WPG, CAR",49%,"Good [35,47,40,73]",0,0,0,23,ANA18
ANA,19,4,1,"CGY, NYI, MTL, STL",41%,"Good [45,16,44,58]",2,0,0,19,ANA19
ANA,20,4,0,"WPG, TOR, OTT, MTL",52%,"Average [40,30,95,44]",2,4,0,15,ANA20
ANA,21,3,1,"PHI, UTA, BUF",71%,"Difficult [81,77,55]",0,1,0,12,ANA21
ANA,22,3,0,"VAN, CAR, EDM",45%,"Good [14,73,47]",0,3,0,9,ANA22
ANA,23,4,3,"TOR, S.J, STL, CAR",54%,"Average [30,50,58,73]",2,1,0,5,ANA23
ANA,24,5,0,"NSH, S.J, VAN, MIN, NSH",40%,"Good [54,50,14,40,54]",0,2,0,0,ANA24
BOS,1,3,1,"WSH, CHI, BUF",38%,"Good [45,15,55]",2,1,0,79,BOS1
BOS,2,4,1,"T.B, VGK, CGY, UTA",68%,"Average [50,83,45,77]",2,3,0,75,BOS2
BOS,3,3,0,"FLA, ANA, CGY",37%,"Good [51,16,45]",0,0,0,72,BOS3
BOS,4,4,1,"OTT, NYI, BUF, CBJ",50%,"Good [95,16,55,35]",2,1,0,68,BOS4
BOS,5,3,0,"NYI, OTT, TOR",47%,"Good [16,95,30]",0,2,0,65,BOS5
BOS,6,3,0,"TOR, OTT, MTL",56%,"Average [30,95,44]",0,2,0,62,BOS6
BOS,7,4,2,"CBJ, ANA, L.A, S.J",26%,"Excellent [35,16,50,50]",0,3,0,58,BOS7
BOS,8,3,0,"NYI, NYR, DET",43%,"Good [16,75,37]",2,1,0,55,BOS8
BOS,9,3,0,"DET, STL, N.J",48%,"Good [37,58,50]",0,1,0,52,BOS9
BOS,10,3,0,"STL, WPG, MIN",46%,"Good [58,40,40]",0,3,0,49,BOS10
BOS,11,4,0,"UTA, EDM, VAN, OTT",58%,"Average [77,47,14,95]",2,0,0,45,BOS11
BOS,12,2,0,"MTL, BUF",50%,"Good [44,55]",0,1,0,43,BOS12
BOS,13,3,0,"CAR, EDM, VAN",45%,"Good [73,47,14]",0,3,0,40,BOS13
BOS,14,4,1,"SEA, CAR, NYR, PIT",57%,"Average [35,73,75,44]",2,1,0,36,BOS14
BOS,15,3,0,"DET, SEA, CHI",29%,"Excellent [37,35,15]",0,1,0,33,BOS15
BOS,16,3,0,"DAL, VGK, MTL",61%,"Average [57,83,44]",0,1,0,30,BOS16
BOS,17,4,2,"NYR, NSH, PHI, T.B",70%,"Average [75,54,81,50]",2,2,0,26,BOS17
BOS,18,3,0,"FLA, COL, PHI",76%,"Difficult [51,97,81]",0,2,0,23,BOS18
BOS,19,4,0,"PIT, NSH, WSH, PIT",47%,"Good [44,54,45,44]",2,2,0,19,BOS19
BOS,20,3,0,"L.A, S.J, WSH",45%,"Good [50,50,45]",0,1,0,16,BOS20
BOS,21,4,1,"N.J, MTL, WPG, DET",40%,"Good [50,44,40,37]",2,3,0,12,BOS21
BOS,22,4,1,"TOR, BUF, MIN, COL",56%,"Average [30,55,40,97]",4,2,0,8,BOS22
BOS,23,4,0,"DAL, FLA, T.B, PHI",63%,"Average [57,51,50,81]",2,3,0,4,BOS23
BOS,24,4,0,"CBJ, T.B, COL, N.J",66%,"Average [35,50,97,50]",2,2,0,0,BOS24
BUF,1,2,0,"NYR, BOS",42%,"Good [75,10]",0,1,0,80,BUF1
BUF,2,3,1,"CGY, OTT, FLA",64%,"Average [45,95,51]",0,0,0,77,BUF2
BUF,3,4,3,"MTL, DET, TOR, TOR",35%,"Good [44,37,30,30]",2,2,0,73,BUF3
BUF,4,3,0,"COL, BOS, WSH",51%,"Average [97,10,45]",0,1,0,70,BUF4
BUF,5,3,0,"UTA, STL, CBJ",57%,"Average [77,58,35]",0,1,0,67,BUF5
BUF,6,3,1,"UTA, CGY, DET",53%,"Average [77,45,37]",2,3,0,64,BUF6
BUF,7,4,2,"EDM, CAR, CHI, CBJ",42%,"Good [47,73,15,35]",0,0,0,60,BUF7
BUF,8,3,0,"PIT, N.J, MIN",42%,"Good [44,50,40]",2,2,0,57,BUF8
BUF,9,3,3,"WPG, PHI, WPG",54%,"Average [40,81,40]",0,2,0,54,BUF9
BUF,10,4,1,"CAR, EDM, VAN, SEA",42%,"Good [73,47,14,35]",2,4,0,50,BUF10
BUF,11,3,0,"PHI, NYI, N.J",48%,"Good [81,16,50]",2,1,0,47,BUF11
BUF,12,2,0,"OTT, BOS",52%,"Average [95,10]",0,1,0,45,BUF12
BUF,13,3,0,"STL, DAL, COL",71%,"Difficult [58,57,97]",0,3,0,42,BUF13
BUF,14,3,0,"VAN, NYR, ANA",35%,"Good [14,75,16]",0,1,0,39,BUF14
BUF,15,4,1,"FLA, PHI, MTL, MIN",54%,"Average [51,81,44,40]",2,0,0,35,BUF15
BUF,16,4,0,"CBJ, NSH, MTL, NYI",37%,"Good [35,54,44,16]",2,4,0,31,BUF16
BUF,17,3,0,"TOR, L.A, MTL",37%,"Good [30,50,44]",0,1,0,28,BUF17
BUF,18,6,1,"FLA, T.B, PIT, N.J, FLA, T.B",49%,"Good [51,50,44,50,51,50]",4,5,0,22,BUF18
BUF,19,4,0,"VGK, PIT, NSH, T.B",60%,"Average [83,44,54,50]",2,1,0,18,BUF19
BUF,20,3,0,"S.J, WSH, TOR",38%,"Good [50,45,30]",0,0,0,15,BUF20
BUF,21,4,0,"VGK, S.J, L.A, ANA",50%,"Good [83,50,50,16]",2,4,0,11,BUF21
BUF,22,3,2,"BOS, DET, SEA",27%,"Excellent [10,37,35]",2,0,0,8,BUF22
BUF,23,3,0,"NYI, OTT, WSH",52%,"Average [16,95,45]",0,2,0,5,BUF23
BUF,24,5,2,"T.B, NYR, COL, CHI, DAL",61%,"Average [50,75,97,15,57]",2,2,0,0,BUF24
CAR,1,3,1,"EDM, VAN, STL",40%,"Good [47,14,58]",2,2,0,79,CAR1
CAR,2,3,1,"VGK, UTA, VGK",81%,"Difficult [83,77,83]",2,2,0,76,CAR2
CAR,3,4,3,"WPG, MTL, WPG, NYR",50%,"Good [40,44,40,75]",0,1,0,72,CAR3
CAR,4,4,1,"TOR, OTT, NSH, PHI",65%,"Average [30,95,54,81]",2,4,0,68,CAR4
CAR,5,3,2,"COL, CHI, MIN",51%,"Average [97,15,40]",0,1,0,65,CAR5
CAR,6,3,0,"STL, S.J, WPG",49%,"Good [58,50,40]",0,1,0,62,CAR6
CAR,7,4,1,"CHI, BUF, DAL, VAN",35%,"Good [15,55,57,14]",4,3,0,58,CAR7
CAR,8,3,1,"T.B, FLA, CBJ",43%,"Good [50,51,35]",0,3,0,55,CAR8
CAR,9,3,0,"NSH, MIN, UTA",57%,"Average [54,40,77]",0,1,0,52,CAR9
CAR,10,3,2,"BUF, DET, L.A",46%,"Good [55,37,50]",0,1,0,49,CAR10
CAR,11,3,0,"S.J, SEA, VGK",59%,"Average [50,35,83]",0,1,0,46,CAR11
CAR,12,2,0,"EDM, EDM",47%,"Good [47,47]",0,1,0,44,CAR12
CAR,13,3,0,"BOS, PHI, NSH",48%,"Good [10,81,54]",0,0,0,41,CAR13
CAR,14,4,2,"SEA, MTL, BOS, PIT",33%,"Good [35,44,10,44]",2,3,0,37,CAR14
CAR,15,3,0,"COL, CHI, NYI",43%,"Good [97,15,16]",0,2,0,34,CAR15
CAR,16,4,0,"N.J, PIT, WSH, ANA",35%,"Good [50,44,45,16]",0,0,0,30,CAR16
CAR,17,2,0,"MIN, S.J",40%,"Good [40,50]",0,1,0,28,CAR17
CAR,18,5,0,"TOR, EDM, S.J, L.A, ANA",31%,"Good [30,47,50,50,16]",2,3,0,23,CAR18
CAR,19,3,0,"DAL, OTT, CBJ",62%,"Average [57,95,35]",0,0,0,20,CAR19
CAR,20,4,1,"WSH, NYR, N.J, NYI",45%,"Good [45,75,50,16]",2,4,0,16,CAR20
CAR,21,4,2,"DET, STL, FLA, T.B",49%,"Good [37,58,51,50]",0,1,0,12,CAR21
CAR,22,3,0,"L.A, ANA, VAN",15%,"Excellent [50,16,14]",0,0,0,9,CAR22
CAR,23,3,1,"CGY, VGK, ANA",48%,"Good [45,83,16]",0,3,0,6,CAR23
CAR,24,6,0,"DAL, CGY, SEA, UTA, CGY, L.A",52%,"Average [57,45,35,77,45,50]",2,3,0,0,CAR24
CBJ,1,2,0,"N.J, PHI",81%,"Difficult [50,81]",0,0,0,80,CBJ1
CBJ,2,3,0,"S.J, ANA, L.A",16%,"Excellent [50,16,50]",0,3,0,77,CBJ2
CBJ,3,3,1,"VGK, CGY, DAL",62%,"Average [83,45,57]",0,3,0,74,CBJ3
CBJ,4,3,0,"VGK, NYI, BOS",36%,"Good [83,16,10]",0,1,0,71,CBJ4
CBJ,5,4,0,"NYR, MIN, BUF, TOR",50%,"Good [75,40,55,30]",2,2,0,67,CBJ5
CBJ,6,3,1,"WSH, VAN, EDM",35%,"Good [45,14,47]",2,0,0,64,CBJ6
CBJ,7,4,2,"BOS, MIN, WPG, BUF",36%,"Good [10,40,40,55]",0,4,0,60,CBJ7
CBJ,8,3,1,"NYR, WPG, CAR",63%,"Average [75,40,73]",0,0,0,57,CBJ8
CBJ,9,3,0,"TOR, NSH, S.J",42%,"Good [30,54,50]",2,0,0,54,CBJ9
CBJ,10,4,0,"COL, WSH, PHI, PHI",76%,"Difficult [97,45,81,81]",2,2,0,50,CBJ10
CBJ,11,3,2,"NSH, FLA, T.B",52%,"Average [54,51,50]",2,3,0,47,CBJ11
CBJ,12,2,0,"FLA, DET",44%,"Good [51,37]",0,0,0,45,CBJ12
CBJ,13,5,2,"NYR, PIT, MTL, CGY, N.J",52%,"Average [75,44,44,45,50]",4,2,1,40,CBJ13
CBJ,14,3,0,"DAL, ANA, SEA",36%,"Good [57,16,35]",0,0,0,37,CBJ14
CBJ,15,4,1,"DET, STL, FLA, N.J",49%,"Good [37,58,51,50]",4,3,0,33,CBJ15
CBJ,16,3,0,"BUF, CHI, OTT",55%,"Average [55,15,95]",0,1,0,30,CBJ16
CBJ,17,3,1,"UTA, WSH, L.A",61%,"Average [77,45,50]",2,1,0,27,CBJ17
CBJ,18,4,0,"OTT, NYR, T.B, DET",69%,"Average [95,75,50,37]",0,1,0,23,CBJ18
CBJ,19,4,1,"SEA, VAN, EDM, CAR",42%,"Good [35,14,47,73]",2,4,0,19,CBJ19
CBJ,20,3,0,"PIT, STL, T.B",51%,"Average [44,58,50]",0,1,0,16,CBJ20
CBJ,21,4,1,"COL, PIT, TOR, PIT",54%,"Average [97,44,30,44]",2,3,0,12,CBJ21
CBJ,22,3,0,"MTL, N.J, MTL",44%,"Good [44,50,44]",2,1,0,9,CBJ22
CBJ,23,4,0,"COL, COL, NYI, OTT",76%,"Difficult [97,97,16,95]",2,2,0,5,CBJ23
CBJ,24,5,0,"BOS, CHI, UTA, PHI, NYI",40%,"Good [10,15,77,81,16]",2,4,0,0,CBJ24
CGY,1,3,1,"L.A, UTA, DAL",67%,"Average [50,77,57]",0,1,0,79,CGY1
CGY,2,3,0,"BUF, COL, BOS",54%,"Average [55,97,10]",0,2,0,76,CGY2
CGY,3,4,0,"UTA, CBJ, BOS, N.J",41%,"Good [77,35,10,50]",2,3,0,72,CGY3
CGY,4,3,1,"N.J, VGK, S.J",83%,"Difficult [50,83,50]",2,2,0,69,CGY4
CGY,5,3,0,"T.B, EDM, VAN",30%,"Excellent [50,47,14]",2,2,0,66,CGY5
CGY,6,3,1,"ANA, BUF, NYI",29%,"Excellent [16,55,16]",0,0,0,63,CGY6
CGY,7,3,0,"NYR, NSH, CHI",48%,"Good [75,54,15]",2,2,0,60,CGY7
CGY,8,3,0,"S.J, MIN, MTL",42%,"Good [50,40,44]",2,1,0,57,CGY8
CGY,9,4,0,"VAN, NYI, NYR, PHI",46%,"Good [14,16,75,81]",2,3,0,53,CGY9
CGY,10,3,0,"NSH, FLA, NSH",53%,"Average [54,51,54]",0,1,0,50,CGY10
CGY,11,3,1,"SEA, WPG, MIN",38%,"Good [35,40,40]",0,2,0,47,CGY11
CGY,12,2,0,"UTA, VGK",80%,"Difficult [77,83]",0,1,0,45,CGY12
CGY,13,4,1,"L.A, STL, CBJ, FLA",48%,"Good [50,58,35,51]",2,2,1,41,CGY13
CGY,14,3,0,"T.B, OTT, COL",96%,"Difficult [50,95,97]",0,1,0,38,CGY14
CGY,15,2,1,"TOR, NSH",42%,"Good [30,54]",0,0,0,36,CGY15
CGY,16,4,0,"WSH, ANA, PHI, TOR",43%,"Good [45,16,81,30]",0,1,0,32,CGY16
CGY,17,3,1,"OTT, MTL, DET",59%,"Average [95,44,37]",2,3,0,29,CGY17
CGY,18,5,0,"DET, S.J, UTA, MIN, CHI",42%,"Good [37,50,77,40,15]",2,1,0,24,CGY18
CGY,19,4,0,"L.A, ANA, DAL, MIN",38%,"Good [50,16,57,40]",2,3,0,20,CGY19
CGY,20,3,0,"EDM, SEA, WPG",41%,"Good [47,35,40]",0,2,0,17,CGY20
CGY,21,4,2,"PIT, DAL, CHI, WSH",40%,"Good [44,57,15,45]",0,2,0,13,CGY21
CGY,22,3,0,"PIT, WPG, WPG",41%,"Good [44,40,40]",0,2,0,10,CGY22
CGY,23,4,2,"CAR, VAN, DAL, STL",50%,"Good [73,14,57,58]",2,1,0,6,CGY23
CGY,24,6,0,"STL, CAR, VGK, EDM, CAR, SEA",62%,"Average [58,73,83,47,73,35]",2,3,0,0,CGY24
CHI,1,3,1,"FLA, BOS, MTL",35%,"Good [51,10,44]",0,2,0,79,CHI1
CHI,2,4,3,"UTA, STL, VAN, ANA",41%,"Good [77,58,14,16]",0,1,0,75,CHI2
CHI,3,2,0,"T.B, L.A",50%,"Good [50,50]",0,1,0,73,CHI3
CHI,4,3,0,"OTT, WPG, EDM",61%,"Average [95,40,47]",0,2,0,70,CHI4
CHI,5,4,3,"SEA, VAN, CAR, DET",40%,"Good [35,14,73,37]",0,4,0,66,CHI5
CHI,6,2,1,"N.J, TOR",30%,"Excellent [50,30]",0,0,0,64,CHI6
CHI,7,4,1,"CAR, SEA, BUF, CGY",52%,"Average [73,35,55,45]",2,1,0,60,CHI7
CHI,8,3,1,"MIN, NSH, ANA",37%,"Good [40,54,16]",0,0,0,57,CHI8
CHI,9,4,0,"VGK, L.A, L.A, ANA",50%,"Good [83,50,50,16]",2,4,0,53,CHI9
CHI,10,3,2,"NYR, STL, DET",57%,"Average [75,58,37]",2,1,0,50,CHI10
CHI,11,3,0,"TOR, MTL, OTT",56%,"Average [30,44,95]",0,3,0,47,CHI11
CHI,12,3,1,"PHI, DAL, PIT",61%,"Average [81,57,44]",2,1,0,44,CHI12
CHI,13,4,2,"NYI, DAL, WSH, VGK",50%,"Good [16,57,45,83]",2,1,1,40,CHI13
CHI,14,3,2,"STL, WSH, NSH",52%,"Average [58,45,54]",2,1,0,37,CHI14
CHI,15,3,0,"EDM, CAR, BOS",43%,"Good [47,73,10]",0,0,0,34,CHI15
CHI,16,4,0,"WPG, CBJ, T.B, FLA",42%,"Good [40,35,50,51]",2,1,0,30,CHI16
CHI,17,3,1,"MIN, PIT, COL",60%,"Average [40,44,97]",2,2,0,27,CHI17
CHI,18,5,0,"S.J, COL, NSH, CGY, UTA",68%,"Average [50,97,54,45,77]",2,4,0,22,CHI18
CHI,19,3,0,"WPG, VAN, DAL",37%,"Good [40,14,57]",1,2,0,19,CHI19
CHI,20,3,1,"UTA, UTA, VGK",79%,"Difficult [77,77,83]",1,2,0,16,CHI20
CHI,21,4,1,"MIN, MIN, CGY, NSH",45%,"Good [40,40,45,54]",2,1,0,12,CHI21
CHI,22,4,1,"NYI, PHI, NYR, N.J",57%,"Average [16,81,75,50]",2,4,0,8,CHI22
CHI,23,3,0,"WPG, EDM, SEA",41%,"Good [40,47,35]",0,2,0,5,CHI23
CHI,24,5,1,"S.J, CBJ, STL, BUF, S.J",49%,"Good [50,35,58,55,50]",0,1,0,0,CHI24
COL,1,2,0,"NSH, MIN",47%,"Good [54,40]",0,2,0,80,COL1
COL,2,3,0,"N.J, CGY, T.B",45%,"Good [50,45,50]",0,0,0,77,COL2
COL,3,3,1,"DAL, WSH, PIT",49%,"Good [57,45,44]",2,2,0,74,COL3
COL,4,4,2,"BUF, TOR, STL, NYI",40%,"Good [55,30,58,16]",4,2,0,70,COL4
COL,5,2,1,"CAR, VAN",44%,"Good [73,14]",0,2,0,68,COL5
COL,6,4,1,"EDM, SEA, EDM, NYR",51%,"Average [47,35,47,75]",2,2,0,64,COL6
COL,7,4,0,"MTL, WPG, TOR, DET",38%,"Good [44,40,30,37]",2,3,0,60,COL7
COL,8,3,0,"WSH, TOR, PIT",40%,"Good [45,30,44]",0,1,0,57,COL8
COL,9,4,1,"N.J, DET, FLA, WSH",44%,"Good [50,37,51,45]",2,3,0,53,COL9
COL,10,3,0,"CBJ, OTT, VGK",71%,"Difficult [35,95,83]",0,1,0,50,COL10
COL,11,3,0,"ANA, MIN, ANA",24%,"Excellent [16,40,16]",0,1,0,47,COL11
COL,12,2,2,"L.A, NYI",16%,"Excellent [50,16]",1,1,0,45,COL12
COL,13,4,1,"OTT, N.J, BUF, PIT",65%,"Average [95,50,55,44]",3,1,1,41,COL13
COL,14,4,1,"S.J, VGK, CGY, UTA",68%,"Average [50,83,45,77]",2,4,0,37,COL14
COL,15,3,0,"CAR, VAN, PIT",44%,"Good [73,14,44]",0,1,0,34,COL15
COL,16,3,0,"OTT, DAL, T.B",76%,"Difficult [95,57,50]",0,0,0,31,COL16
COL,17,4,3,"L.A, PHI, CHI, STL",51%,"Average [50,81,15,58]",2,2,0,27,COL17
COL,18,4,0,"N.J, CHI, BOS, NYI",14%,"Excellent [50,15,10,16]",2,2,0,23,COL18
COL,19,4,0,"NYR, NSH, FLA, UTA",64%,"Average [75,54,51,77]",2,1,0,19,COL19
COL,20,3,0,"T.B, FLA, PHI",66%,"Average [50,51,81]",0,3,0,16,COL20
COL,21,4,0,"CBJ, NYR, SEA, NYI",40%,"Good [35,75,35,16]",2,1,0,12,COL21
COL,22,4,0,"PHI, MTL, S.J, BOS",45%,"Good [81,44,50,10]",2,2,0,8,COL22
COL,23,3,0,"CBJ, CBJ, WPG",37%,"Good [35,35,40]",0,1,0,5,COL23
COL,24,5,0,"DET, BUF, MTL, BOS, WSH",38%,"Good [37,55,44,10,45]",2,3,0,0,COL24
DAL,1,2,0,"WPG, CGY",42%,"Good [40,45]",0,2,0,80,DAL1
DAL,2,3,0,"MIN, VAN, STL",37%,"Good [40,14,58]",0,1,0,77,DAL2
DAL,3,4,0,"COL, L.A, CBJ, NSH",62%,"Average [97,50,35,54]",2,1,0,73,DAL3
DAL,4,3,0,"WSH, T.B, FLA",48%,"Good [45,50,51]",0,2,0,70,DAL4
DAL,5,4,0,"EDM, ANA, NSH, SEA",38%,"Good [47,16,54,35]",2,1,0,66,DAL5
DAL,6,3,0,"OTT, MTL, PHI",73%,"Difficult [95,44,81]",0,2,0,63,DAL6
DAL,7,3,0,"NYI, VAN, CAR",34%,"Good [16,14,73]",0,2,0,60,DAL7
DAL,8,4,2,"EDM, SEA, UTA, OTT",64%,"Average [47,35,77,95]",2,2,0,56,DAL8
DAL,9,4,2,"NYR, N.J, S.J, PIT",60%,"Average [75,50,50,44]",2,2,0,52,DAL9
DAL,10,3,0,"WPG, MIN, FLA",44%,"Good [40,40,51]",0,2,0,49,DAL10
DAL,11,4,2,"L.A, S.J, ANA, TOR",23%,"Excellent [50,50,16,30]",2,2,0,45,DAL11
DAL,12,2,0,"DET, CHI",26%,"Excellent [37,15]",0,1,0,43,DAL12
DAL,13,3,1,"BUF, CHI, MTL",38%,"Good [55,15,44]",2,1,1,40,DAL13
DAL,14,3,1,"CBJ, WSH, S.J",40%,"Good [35,45,50]",2,3,0,37,DAL14
DAL,15,4,1,"L.A, ANA, UTA, T.B",46%,"Good [50,16,77,50]",2,3,0,33,DAL15
DAL,16,3,0,"BOS, COL, STL",55%,"Average [10,97,58]",2,1,0,30,DAL16
DAL,17,3,0,"STL, VGK, UTA",73%,"Difficult [58,83,77]",0,3,0,27,DAL17
DAL,18,4,0,"WPG, STL, SEA, NSH",47%,"Good [40,58,35,54]",0,0,0,23,DAL18
DAL,19,4,0,"VAN, CAR, CGY, CHI",37%,"Good [14,73,45,15]",2,2,0,19,DAL19
DAL,20,3,0,"VGK, EDM, DET",56%,"Average [83,47,37]",0,0,0,16,DAL20
DAL,21,4,1,"UTA, CGY, MIN, VGK",61%,"Average [77,45,40,83]",2,2,0,12,DAL21
DAL,22,4,0,"N.J, NYI, PIT, PHI",47%,"Good [50,16,44,81]",2,3,0,8,DAL22
DAL,23,3,0,"BOS, WPG, CGY",32%,"Good [10,40,45]",0,1,0,5,DAL23
DAL,24,5,0,"CAR, MIN, NYR, TOR, BUF",55%,"Average [73,40,75,30,55]",0,2,0,0,DAL24
DET,1,2,0,"MTL, TOR",37%,"Good [44,30]",0,0,0,80,DET1
DET,2,4,3,"TOR, FLA, T.B, EDM",43%,"Good [30,51,50,47]",0,1,0,76,DET2
DET,3,3,1,"BUF, NYI, STL",43%,"Good [55,16,58]",2,2,0,73,DET3
DET,4,4,2,"STL, L.A, ANA, S.J",37%,"Good [58,50,16,50]",2,4,0,69,DET4
DET,5,3,1,"VGK, NYR, CHI",58%,"Average [83,75,15]",0,1,0,66,DET5
DET,6,3,1,"ANA, BUF, NYR",49%,"Good [16,55,75]",2,1,0,63,DET6
DET,7,3,0,"SEA, NYI, COL",49%,"Good [35,16,97]",0,0,0,60,DET7
DET,8,4,0,"N.J, NSH, T.B, BOS",32%,"Good [50,54,50,10]",2,2,0,56,DET8
DET,9,3,0,"BOS, COL, SEA",47%,"Good [10,97,35]",0,2,0,53,DET9
DET,10,4,2,"VAN, CAR, EDM, CHI",37%,"Good [14,73,47,15]",2,4,0,49,DET10
DET,11,4,1,"NYI, UTA, WSH, WSH",46%,"Good [16,77,45,45]",4,1,0,45,DET11
DET,12,3,1,"DAL, CBJ, TOR",41%,"Good [57,35,30]",2,1,0,42,DET12
DET,13,3,0,"WPG, PIT, PIT",43%,"Good [40,44,44]",2,1,0,39,DET13
DET,14,3,1,"OTT, VAN, MTL",51%,"Average [95,14,44]",0,2,0,36,DET14
DET,15,4,2,"CBJ, BOS, S.J, OTT",47%,"Good [35,10,50,95]",2,1,0,32,DET15
DET,16,3,0,"TOR, MIN, WPG",37%,"Good [30,40,40]",2,3,0,29,DET16
DET,17,3,0,"L.A, WSH, CGY",45%,"Good [50,45,45]",0,0,0,26,DET17
DET,18,4,0,"CGY, UTA, OTT, CBJ",63%,"Average [45,77,95,35]",0,4,0,22,DET18
DET,19,4,1,"NSH, VGK, FLA, N.J",63%,"Average [54,83,51,50]",0,2,0,18,DET19
DET,20,3,0,"FLA, T.B, DAL",54%,"Average [51,50,57]",0,3,0,15,DET20
DET,21,3,1,"CAR, MTL, BOS",42%,"Good [73,44,10]",0,0,0,12,DET21
DET,22,3,1,"OTT, BUF, PHI",77%,"Difficult [95,55,81]",2,1,0,9,DET22
DET,23,4,0,"PIT, PHI, NYR, MIN",60%,"Average [44,81,75,40]",2,3,0,5,DET23
DET,24,5,0,"COL, PHI, N.J, T.B, FLA",76%,"Difficult [97,81,50,50,51]",0,2,0,0,DET24
EDM,1,2,1,"CAR, VAN",44%,"Good [73,14]",0,0,0,80,EDM1
EDM,2,4,1,"NYR, NYI, N.J, DET",43%,"Good [75,16,50,37]",2,4,0,76,EDM2
EDM,3,4,0,"OTT, MTL, SEA, VAN",47%,"Good [95,44,35,14]",2,3,0,72,EDM3
EDM,4,3,0,"UTA, NYR, CHI",56%,"Average [77,75,15]",0,0,0,69,EDM4
EDM,5,3,1,"STL, DAL, CGY",53%,"Average [58,57,45]",2,2,0,66,EDM5
EDM,6,4,2,"COL, PHI, COL, CBJ",78%,"Difficult [97,81,97,35]",2,3,0,62,EDM6
EDM,7,4,1,"BUF, WSH, T.B, FLA",50%,"Good [55,45,50,51]",2,4,0,58,EDM7
EDM,8,2,1,"DAL, SEA",46%,"Good [57,35]",0,1,0,56,EDM8
EDM,9,3,0,"MIN, SEA, WPG",38%,"Good [40,35,40]",0,0,0,53,EDM9
EDM,10,4,0,"BUF, DET, TOR, MTL",42%,"Good [55,37,30,44]",2,2,0,49,EDM10
EDM,11,4,0,"PIT, BOS, MIN, VGK",44%,"Good [44,10,40,83]",2,3,0,45,EDM11
EDM,12,2,0,"CAR, CAR",73%,"Difficult [73,73]",0,1,0,43,EDM12
EDM,13,3,0,"WPG, BOS, PHI",44%,"Good [40,10,81]",0,1,0,40,EDM13
EDM,14,3,0,"NSH, WPG, L.A",47%,"Good [54,40,50]",0,1,0,37,EDM14
EDM,15,5,1,"CHI, NSH, NYI, VAN, STL",31%,"Good [15,54,16,14,58]",4,3,0,32,EDM15
EDM,16,3,0,"N.J, PIT, WSH",44%,"Good [50,44,45]",0,0,0,29,EDM16
EDM,17,3,1,"ANA, S.J, MIN",28%,"Excellent [16,50,40]",0,0,0,26,EDM17
EDM,18,5,0,"TOR, CAR, ANA, L.A, S.J",40%,"Good [30,73,16,50,50]",4,4,0,21,EDM18
EDM,19,3,0,"OTT, CBJ, VGK",71%,"Difficult [95,35,83]",0,1,0,18,EDM19
EDM,20,4,1,"CGY, DAL, STL, NSH",54%,"Average [45,57,58,54]",2,3,0,14,EDM20
EDM,21,3,0,"S.J, FLA, T.B",51%,"Average [50,51,50]",0,0,0,11,EDM21
EDM,22,3,0,"UTA, VGK, ANA",59%,"Average [77,83,16]",0,2,0,8,EDM22
EDM,23,3,0,"SEA, CHI, VGK",44%,"Good [35,15,83]",0,0,0,5,EDM23
EDM,24,5,1,"UTA, S.J, L.A, CGY, VAN",45%,"Good [77,50,50,45,14]",2,3,0,0,EDM24
FLA,1,3,1,"CHI, PHI, OTT",64%,"Average [15,81,95]",0,0,0,79,FLA1
FLA,2,4,1,"PHI, DET, N.J, BUF",58%,"Average [81,37,50,55]",2,4,0,75,FLA2
FLA,3,3,0,"BOS, PIT, VGK",46%,"Good [10,44,83]",0,1,0,72,FLA3
FLA,4,2,0,"ANA, DAL",36%,"Good [16,57]",0,0,0,70,FLA4
FLA,5,3,0,"ANA, L.A, S.J",16%,"Excellent [16,50,50]",0,3,0,67,FLA5
FLA,6,3,1,"VGK, WSH, T.B",64%,"Average [83,45,50]",0,1,0,64,FLA6
FLA,7,3,0,"VAN, N.J, EDM",30%,"Excellent [14,50,47]",0,0,0,61,FLA7
FLA,8,3,0,"NSH, PHI, CAR",69%,"Average [54,81,73]",0,1,0,58,FLA8
FLA,9,4,0,"TOR, NSH, COL, NYI",49%,"Good [30,54,97,16]",2,0,0,54,FLA9
FLA,10,3,1,"UTA, CGY, DAL",60%,"Average [77,45,57]",2,3,0,51,FLA10
FLA,11,4,3,"T.B, L.A, CBJ, STL",46%,"Good [50,50,35,58]",2,1,0,47,FLA11
FLA,12,2,0,"CBJ, T.B",35%,"Good [35,50]",0,1,0,45,FLA12
FLA,13,4,3,"WSH, MTL, NYR, CGY",52%,"Average [45,44,75,45]",2,0,1,41,FLA13
FLA,14,3,0,"TOR, MTL, OTT",56%,"Average [30,44,95]",0,3,0,38,FLA14
FLA,15,3,1,"BUF, CBJ, WSH",45%,"Good [55,35,45]",2,3,0,35,FLA15
FLA,16,4,0,"S.J, WPG, MIN, CHI",32%,"Good [50,40,40,15]",2,3,0,31,FLA16
FLA,17,3,0,"UTA, STL, WPG",58%,"Average [77,58,40]",0,1,0,28,FLA17
FLA,18,6,1,"BUF, BOS, T.B, TOR, BUF, NYI",33%,"Good [55,10,50,30,55,16]",4,2,0,22,FLA18
FLA,19,3,0,"N.J, COL, DET",67%,"Average [50,97,37]",2,3,0,19,FLA19
FLA,20,3,0,"DET, COL, SEA",56%,"Average [37,97,35]",0,1,0,16,FLA20
FLA,21,3,1,"VAN, EDM, CAR",45%,"Good [14,47,73]",2,3,0,13,FLA21
FLA,22,4,0,"SEA, MIN, NYI, NYR",42%,"Good [35,40,16,75]",2,2,0,9,FLA22
FLA,23,4,0,"OTT, BOS, PIT, PIT",48%,"Good [95,10,44,44]",2,2,0,5,FLA23
FLA,24,5,0,"MTL, OTT, TOR, NYR, DET",56%,"Average [44,95,30,75,37]",0,3,0,0,FLA24
L.A,1,3,2,"CGY, VGK, WPG",56%,"Average [45,83,40]",2,2,0,79,L.A1
L.A,2,3,0,"MIN, PIT, CBJ",40%,"Good [40,44,35]",0,1,0,76,L.A2
L.A,3,4,0,"STL, DAL, NSH, CHI",46%,"Good [58,57,54,15]",2,4,0,72,L.A3
L.A,4,3,0,"S.J, DET, N.J",37%,"Good [50,37,50]",0,1,0,69,L.A4
L.A,5,3,0,"WPG, FLA, PIT",45%,"Good [40,51,44]",0,1,0,66,L.A5
L.A,6,3,0,"MTL, TOR, OTT",56%,"Average [44,30,95]",0,3,0,63,L.A6
L.A,7,3,1,"WSH, S.J, BOS",28%,"Excellent [45,50,10]",2,2,0,60,L.A7
L.A,8,3,0,"OTT, ANA, VAN",42%,"Good [95,16,14]",2,1,0,57,L.A8
L.A,9,3,0,"WSH, CHI, CHI",25%,"Excellent [45,15,15]",0,0,0,54,L.A9
L.A,10,3,2,"UTA, SEA, CAR",62%,"Average [77,35,73]",0,2,0,51,L.A10
L.A,11,3,2,"DAL, FLA, T.B",54%,"Average [57,51,50]",2,3,0,48,L.A11
L.A,12,3,1,"COL, SEA, ANA",49%,"Good [97,35,16]",2,0,0,45,L.A12
L.A,13,3,0,"CGY, T.B, MIN",42%,"Good [45,50,40]",0,1,0,42,L.A13
L.A,14,4,3,"MIN, S.J, WPG, EDM",42%,"Good [40,50,40,47]",2,2,0,38,L.A14
L.A,15,4,2,"DAL, VGK, ANA, ANA",43%,"Good [57,83,16,16]",2,1,0,34,L.A15
L.A,16,2,0,"NYR, STL",66%,"Average [75,58]",0,1,0,32,L.A16
L.A,17,5,2,"COL, DET, BUF, PHI, CBJ",61%,"Average [97,37,55,81,35]",4,5,0,27,L.A17
L.A,18,5,0,"SEA, VGK, VGK, EDM, CAR",64%,"Average [35,83,83,47,73]",4,1,0,22,L.A18
L.A,19,3,0,"CGY, NYI, MTL",35%,"Good [45,16,44]",0,0,0,19,L.A19
L.A,20,3,1,"BOS, NYI, N.J",13%,"Excellent [10,16,50]",2,3,0,16,L.A20
L.A,21,4,1,"NYR, PHI, BUF, UTA",72%,"Difficult [75,81,55,77]",2,2,0,12,L.A21
L.A,22,3,0,"CAR, VAN, UTA",55%,"Average [73,14,77]",0,2,0,9,L.A22
L.A,23,3,1,"STL, NSH, TOR",47%,"Good [58,54,30]",2,0,0,6,L.A23
L.A,24,6,1,"NSH, VAN, EDM, SEA, VAN, CAR",40%,"Good [54,14,47,35,14,73]",2,3,0,0,L.A24
MIN,1,2,0,"STL, COL",78%,"Difficult [58,97]",0,1,0,80,MIN1
MIN,2,4,1,"L.A, DAL, WSH, PHI",61%,"Average [50,57,45,81]",4,3,0,76,MIN2
MIN,3,4,2,"NYR, N.J, UTA, S.J",76%,"Difficult [75,50,77,50]",2,2,0,72,MIN3
MIN,4,3,0,"WPG, PIT, VAN",33%,"Good [40,44,14]",0,0,0,69,MIN4
MIN,5,4,1,"NSH, CBJ, NYI, CAR",44%,"Good [54,35,16,73]",2,2,0,65,MIN5
MIN,6,3,1,"S.J, ANA, VGK",50%,"Good [50,16,83]",2,0,0,62,MIN6
MIN,7,3,2,"CBJ, PIT, WPG",40%,"Good [35,44,40]",0,2,0,59,MIN7
MIN,8,3,0,"CHI, CGY, BUF",38%,"Good [15,45,55]",2,1,0,56,MIN8
MIN,9,3,0,"EDM, CAR, VAN",45%,"Good [47,73,14]",0,3,0,53,MIN9
MIN,10,4,1,"SEA, DAL, OTT, BOS",49%,"Good [35,57,95,10]",2,1,0,49,MIN10
MIN,11,4,0,"WSH, COL, EDM, CGY",58%,"Average [45,97,47,45]",2,1,0,45,MIN11
MIN,12,2,0,"NSH, WPG",47%,"Good [54,40]",0,1,0,43,MIN12
MIN,13,4,1,"VGK, S.J, ANA, L.A",50%,"Good [83,50,16,50]",2,4,0,39,MIN13
MIN,14,3,1,"L.A, SEA, NYI",26%,"Excellent [50,35,16]",0,2,0,36,MIN14
MIN,15,3,0,"N.J, WPG, BUF",48%,"Good [50,40,55]",0,1,0,33,MIN15
MIN,16,4,0,"TOR, MTL, DET, FLA",40%,"Good [30,44,37,51]",2,2,0,29,MIN16
MIN,17,3,0,"CHI, CAR, EDM",45%,"Good [15,73,47]",0,1,0,26,MIN17
MIN,18,5,1,"MTL, NSH, CGY, UTA, STL",56%,"Average [44,54,45,77,58]",2,3,0,21,MIN18
MIN,19,3,0,"T.B, VGK, CGY",64%,"Average [50,83,45]",0,2,0,18,MIN19
MIN,20,4,0,"UTA, PHI, NYR, TOR",66%,"Average [77,81,75,30]",2,0,0,14,MIN20
MIN,21,3,0,"CHI, CHI, DAL",29%,"Excellent [15,15,57]",0,1,0,11,MIN21
MIN,22,3,0,"T.B, FLA, BOS",30%,"Excellent [50,51,10]",0,3,0,8,MIN22
MIN,23,3,0,"VAN, OTT, DET",49%,"Good [14,95,37]",2,2,0,5,MIN23
MIN,24,5,0,"SEA, DAL, NSH, STL, ANA",44%,"Good [35,57,54,58,16]",2,3,0,0,MIN24
MTL,1,3,1,"TOR, DET, CHI",27%,"Excellent [30,37,15]",2,3,0,79,MTL1
MTL,2,3,0,"SEA, NSH, NYR",55%,"Average [35,54,75]",0,0,0,76,MTL2
MTL,3,4,2,"BUF, CAR, EDM, VAN",47%,"Good [55,73,47,14]",2,3,0,72,MTL3
MTL,4,2,0,"SEA, OTT",65%,"Average [35,95]",0,1,0,70,MTL4
MTL,5,3,0,"PHI, N.J, UTA",79%,"Difficult [81,50,77]",0,1,0,67,MTL5
MTL,6,3,0,"L.A, DAL, BOS",34%,"Good [50,57,10]",0,0,0,64,MTL6
MTL,7,3,0,"COL, WSH, TOR",57%,"Average [97,45,30]",0,1,0,61,MTL7
MTL,8,3,0,"UTA, VGK, CGY",68%,"Average [77,83,45]",2,3,0,58,MTL8
MTL,9,4,1,"OTT, WPG, TOR, STL",56%,"Average [95,40,30,58]",4,1,0,54,MTL9
MTL,10,4,0,"T.B, PIT, NYR, EDM",55%,"Average [50,44,75,47]",2,2,0,50,MTL10
MTL,11,4,0,"PHI, CHI, PIT, PIT",46%,"Good [81,15,44,44]",2,1,0,46,MTL11
MTL,12,2,1,"BOS, T.B",10%,"Excellent [10,50]",0,2,0,44,MTL12
MTL,13,4,2,"FLA, CBJ, STL, DAL",50%,"Good [51,35,58,57]",2,4,1,40,MTL13
MTL,14,3,1,"CAR, FLA, DET",54%,"Average [73,51,37]",2,0,0,37,MTL14
MTL,15,4,0,"VAN, WSH, BUF, OTT",52%,"Average [14,45,55,95]",2,3,0,33,MTL15
MTL,16,3,0,"MIN, BUF, BOS",35%,"Good [40,55,10]",0,1,0,30,MTL16
MTL,17,3,0,"VGK, CGY, BUF",61%,"Average [83,45,55]",0,1,0,27,MTL17
MTL,18,4,0,"MIN, WPG, NYI, WSH",35%,"Good [40,40,16,45]",0,2,0,23,MTL18
MTL,19,3,0,"S.J, ANA, L.A",16%,"Excellent [50,16,50]",2,3,0,20,MTL19
MTL,20,4,1,"TOR, OTT, S.J, ANA",47%,"Good [30,95,50,16]",4,1,0,16,MTL20
MTL,21,3,0,"BOS, DET, NYI",21%,"Excellent [10,37,16]",0,1,0,13,MTL21
MTL,22,4,0,"CBJ, COL, NSH, CBJ",55%,"Average [35,97,54,35]",2,2,0,9,MTL22
MTL,23,4,0,"T.B, NYR, N.J, N.J",75%,"Difficult [50,75,50,50]",2,3,0,5,MTL23
MTL,24,5,0,"FLA, T.B, COL, NYI, PHI",61%,"Average [51,50,97,16,81]",2,2,0,0,MTL24
N.J,1,2,0,"CBJ, T.B",35%,"Good [35,50]",0,2,0,80,N.J1
N.J,2,3,0,"COL, FLA, EDM",65%,"Average [97,51,47]",0,1,0,77,N.J2
N.J,3,4,2,"TOR, MIN, S.J, CGY",38%,"Good [30,40,50,45]",2,1,0,73,N.J3
N.J,4,4,1,"CGY, S.J, L.A, ANA",30%,"Excellent [45,50,50,16]",2,4,0,69,N.J4
N.J,5,2,0,"MTL, PIT",44%,"Good [44,44]",0,0,0,67,N.J5
N.J,6,3,2,"NYI, CHI, WSH",25%,"Excellent [16,15,45]",0,2,0,64,N.J6
N.J,7,3,0,"T.B, FLA, PHI",66%,"Average [50,51,81]",0,3,0,61,N.J7
N.J,8,4,0,"DET, STL, BUF, PHI",58%,"Average [37,58,55,81]",2,1,0,57,N.J8
N.J,9,4,3,"COL, DAL, VGK, BOS",62%,"Average [97,57,83,10]",2,1,0,53,N.J9
N.J,10,4,0,"OTT, T.B, ANA, VAN",42%,"Good [95,50,16,14]",2,1,0,49,N.J10
N.J,11,3,2,"VGK, UTA, BUF",72%,"Difficult [83,77,55]",0,2,0,46,N.J11
N.J,12,2,0,"NYI, WSH",30%,"Excellent [16,45]",0,1,0,44,N.J12
N.J,13,4,2,"TOR, COL, UTA, CBJ",60%,"Average [30,97,77,35]",4,2,1,40,N.J13
N.J,14,3,1,"NYI, PIT, WPG",33%,"Good [16,44,40]",1,3,0,37,N.J14
N.J,15,3,1,"MIN, SEA, CBJ",37%,"Good [40,35,35]",1,1,0,34,N.J15
N.J,16,4,0,"CAR, EDM, VAN, SEA",42%,"Good [73,47,14,35]",2,4,0,30,N.J16
N.J,17,3,0,"WPG, NSH, OTT",63%,"Average [40,54,95]",0,1,0,27,N.J17
N.J,18,5,0,"COL, NYI, BUF, PIT, STL",54%,"Average [97,16,55,44,58]",2,2,0,22,N.J18
N.J,19,4,1,"FLA, TOR, NYR, DET",48%,"Good [51,30,75,37]",4,0,0,18,N.J19
N.J,20,2,0,"CAR, L.A",73%,"Difficult [73,50]",0,0,0,16,N.J20
N.J,21,3,2,"BOS, NYR, WSH",43%,"Good [10,75,45]",0,2,0,13,N.J21
N.J,22,4,0,"DAL, NSH, CBJ, CHI",40%,"Good [57,54,35,15]",2,3,0,9,N.J22
N.J,23,4,0,"NYR, WSH, MTL, MTL",52%,"Average [75,45,44,44]",2,2,0,5,N.J23
N.J,24,5,0,"PHI, PIT, DET, OTT, BOS",53%,"Average [81,44,37,95,10]",2,2,0,0,N.J24
NSH,1,2,0,"COL, UTA",87%,"Difficult [97,77]",0,0,0,80,NSH1
NSH,2,4,0,"OTT, TOR, MTL, WPG",52%,"Average [95,30,44,40]",2,4,0,76,NSH2
NSH,3,4,0,"ANA, VAN, L.A, DAL",29%,"Excellent [16,14,50,57]",2,0,0,72,NSH3
NSH,4,3,0,"T.B, PHI, CAR",77%,"Difficult [50,81,73]",0,1,0,69,NSH4
NSH,5,4,1,"VAN, MIN, PHI, DAL",48%,"Good [14,40,81,57]",2,1,0,65,NSH5
NSH,6,3,3,"NYR, PIT, PIT",54%,"Average [75,44,44]",0,2,0,62,NSH6
NSH,7,1,0,CGY,45%,Good [45],0,0,0,61,NSH7
NSH,8,4,0,"FLA, DET, CHI, WPG",36%,"Good [51,37,15,40]",2,2,0,57,NSH8
NSH,9,3,0,"CAR, FLA, CBJ",53%,"Average [73,51,35]",0,2,0,54,NSH9
NSH,10,3,0,"CGY, STL, CGY",49%,"Good [45,58,45]",0,1,0,51,NSH10
NSH,11,4,2,"STL, CBJ, TOR, NYR",50%,"Good [58,35,30,75]",2,1,0,47,NSH11
NSH,12,2,0,"MIN, STL",49%,"Good [40,58]",0,2,0,45,NSH12
NSH,13,4,0,"UTA, VGK, SEA, CAR",67%,"Average [77,83,35,73]",2,4,0,41,NSH13
NSH,14,4,1,"EDM, NYI, CHI, WSH",31%,"Good [47,16,15,45]",2,1,0,37,NSH14
NSH,15,3,1,"EDM, CGY, VGK",58%,"Average [47,45,83]",2,2,0,34,NSH15
NSH,16,3,0,"BUF, OTT, UTA",76%,"Difficult [55,95,77]",0,0,0,31,NSH16
NSH,17,3,0,"BOS, N.J, NYI",13%,"Excellent [10,50,16]",0,3,0,28,NSH17
NSH,18,5,0,"STL, MIN, WSH, CHI, DAL",43%,"Good [58,40,45,15,57]",2,2,0,23,NSH18
NSH,19,4,0,"DET, COL, BOS, BUF",50%,"Good [37,97,10,55]",2,2,0,19,NSH19
NSH,20,3,0,"SEA, VAN, EDM",32%,"Good [35,14,47]",0,3,0,16,NSH20
NSH,21,4,0,"WPG, SEA, VGK, CHI",43%,"Good [40,35,83,15]",2,2,0,12,NSH21
NSH,22,4,0,"S.J, N.J, MTL, T.B",44%,"Good [50,50,44,50]",2,1,0,8,NSH22
NSH,23,2,0,"L.A, S.J",50%,"Good [50,50]",0,2,0,6,NSH23
NSH,24,6,1,"L.A, ANA, UTA, MIN, S.J, ANA",37%,"Good [50,16,77,40,50,16]",2,3,0,0,NSH24
NYI,1,2,0,"PIT, WSH",44%,"Good [44,45]",0,1,0,80,NYI1
NYI,2,3,0,"WPG, EDM, OTT",61%,"Average [40,47,95]",0,1,0,77,NYI2
NYI,3,3,0,"S.J, DET, PHI",59%,"Average [50,37,81]",0,1,0,74,NYI3
NYI,4,4,2,"BOS, CBJ, WSH, COL",47%,"Good [10,35,45,97]",2,3,0,70,NYI4
NYI,5,3,1,"BOS, MIN, NYR",42%,"Good [10,40,75]",2,1,0,67,NYI5
NYI,6,4,3,"N.J, VGK, UTA, CGY",68%,"Average [50,83,77,45]",2,4,0,63,NYI6
NYI,7,4,0,"DAL, DET, STL, SEA",47%,"Good [57,37,58,35]",2,2,0,59,NYI7
NYI,8,3,1,"BOS, PHI, WSH",45%,"Good [10,81,45]",0,0,0,56,NYI8
NYI,9,4,0,"T.B, CGY, T.B, FLA",48%,"Good [50,45,50,51]",2,2,0,52,NYI9
NYI,10,3,0,"VGK, ANA, T.B",50%,"Good [83,16,50]",0,0,0,49,NYI10
NYI,11,3,1,"DET, VAN, BUF",35%,"Good [37,14,55]",2,2,0,46,NYI11
NYI,12,3,1,"N.J, NYR, COL",86%,"Difficult [50,75,97]",2,1,0,43,NYI12
NYI,13,3,1,"CHI, UTA, TOR",41%,"Good [15,77,30]",0,1,0,40,NYI13
NYI,14,3,0,"N.J, NSH, MIN",47%,"Good [50,54,40]",0,2,0,37,NYI14
NYI,15,3,0,"WPG, EDM, CAR",53%,"Average [40,47,73]",0,3,0,34,NYI15
NYI,16,3,0,"VAN, SEA, BUF",35%,"Good [14,35,55]",0,2,0,31,NYI16
NYI,17,4,2,"PHI, NYR, NYR, NSH",71%,"Difficult [81,75,75,54]",2,2,0,27,NYI17
NYI,18,6,0,"WSH, PIT, N.J, MTL, COL, FLA",56%,"Average [45,44,50,44,97,51]",4,4,0,21,NYI18
NYI,19,3,1,"ANA, L.A, S.J",16%,"Excellent [16,50,50]",2,3,0,18,NYI19
NYI,20,3,1,"STL, L.A, CAR",66%,"Average [58,50,73]",2,1,0,15,NYI20
NYI,21,4,0,"TOR, OTT, MTL, COL",66%,"Average [30,95,44,97]",2,3,0,11,NYI21
NYI,22,3,0,"CHI, DAL, FLA",41%,"Good [15,57,51]",0,0,0,8,NYI22
NYI,23,4,2,"PIT, BUF, PHI, CBJ",54%,"Average [44,55,81,35]",4,2,0,4,NYI23
NYI,24,4,0,"TOR, OTT, MTL, CBJ",51%,"Average [30,95,44,35]",2,0,0,0,NYI24
NYR,1,4,2,"PIT, BUF, PIT, WSH",47%,"Good [44,55,44,45]",2,2,0,78,NYR1
NYR,2,3,0,"EDM, TOR, MTL",40%,"Good [47,30,44]",0,2,0,75,NYR2
NYR,3,3,1,"MIN, S.J, CAR",56%,"Average [40,50,73]",0,1,0,72,NYR3
NYR,4,3,0,"VAN, EDM, SEA",32%,"Good [14,47,35]",0,3,0,69,NYR4
NYR,5,3,1,"CBJ, DET, NYI",29%,"Excellent [35,37,16]",2,1,0,66,NYR5
NYR,6,4,3,"NSH, T.B, COL, DET",63%,"Average [54,50,97,37]",2,2,0,62,NYR6
NYR,7,3,0,"VGK, CGY, UTA",68%,"Average [83,45,77]",0,3,0,59,NYR7
NYR,8,4,0,"STL, CBJ, BOS, T.B",34%,"Good [58,35,10,50]",2,2,0,55,NYR8
NYR,9,4,0,"DAL, OTT, CGY, VGK",70%,"Average [57,95,45,83]",2,1,0,51,NYR9
NYR,10,2,1,"CHI, MTL",30%,"Excellent [15,44]",0,1,0,49,NYR10
NYR,11,5,1,"ANA, VAN, STL, PHI, NSH",45%,"Good [16,14,58,81,54]",4,2,0,44,NYR11
NYR,12,2,0,"WSH, NYI",30%,"Excellent [45,16]",0,2,0,42,NYR12
NYR,13,3,1,"CBJ, WSH, FLA",44%,"Good [35,45,51]",0,3,0,39,NYR13
NYR,14,3,1,"UTA, BUF, BOS",47%,"Good [77,55,10]",0,1,0,36,NYR14
NYR,15,3,1,"SEA, OTT, PHI",70%,"Average [35,95,81]",0,1,0,33,NYR15
NYR,16,3,0,"ANA, L.A, S.J",16%,"Excellent [16,50,50]",2,3,0,30,NYR16
NYR,17,4,2,"BOS, NYI, NYI, PIT",22%,"Excellent [10,16,16,44]",2,2,0,26,NYR17
NYR,18,3,0,"CBJ, PHI, PIT",53%,"Average [35,81,44]",0,0,0,23,NYR18
NYR,19,3,0,"COL, TOR, N.J",64%,"Average [97,30,50]",0,1,0,20,NYR19
NYR,20,4,1,"PHI, CAR, WPG, MIN",58%,"Average [81,73,40,40]",2,3,0,16,NYR20
NYR,21,4,1,"L.A, N.J, COL, WPG",68%,"Average [50,50,97,40]",3,1,0,12,NYR21
NYR,22,4,3,"OTT, TOR, CHI, FLA",48%,"Good [95,30,15,51]",1,1,0,8,NYR22
NYR,23,4,0,"N.J, MTL, DET, WSH",42%,"Good [50,44,37,45]",2,0,0,4,NYR23
NYR,24,4,1,"BUF, DAL, FLA, T.B",54%,"Average [55,57,51,50]",0,3,0,0,NYR24
OTT,1,2,0,"T.B, FLA",51%,"Average [50,51]",0,2,0,80,OTT1
OTT,2,4,1,"NSH, BUF, SEA, NYI",40%,"Good [54,55,35,16]",2,1,0,76,OTT2
OTT,3,3,0,"EDM, PHI, WSH",58%,"Average [47,81,45]",0,1,0,73,OTT3
OTT,4,4,1,"BOS, CHI, CAR, MTL",36%,"Good [10,15,73,44]",2,2,0,69,OTT4
OTT,5,3,0,"BOS, PHI, UTA",56%,"Average [10,81,77]",2,2,0,66,OTT5
OTT,6,3,0,"DAL, BOS, L.A",34%,"Good [57,10,50]",0,0,0,63,OTT6
OTT,7,2,0,"ANA, S.J",16%,"Excellent [16,50]",0,2,0,61,OTT7
OTT,8,4,1,"L.A, VGK, STL, DAL",66%,"Average [50,83,58,57]",0,4,0,57,OTT8
OTT,9,3,0,"MTL, NYR, STL",59%,"Average [44,75,58]",0,1,0,54,OTT9
OTT,10,3,0,"N.J, COL, MIN",68%,"Average [50,97,40]",0,2,0,51,OTT10
OTT,11,4,1,"WPG, PIT, CHI, BOS",27%,"Excellent [40,44,15,10]",2,2,0,47,OTT11
OTT,12,2,0,"BUF, TOR",42%,"Good [55,30]",0,1,0,45,OTT12
OTT,13,3,0,"COL, WSH, WPG",61%,"Average [97,45,40]",0,0,0,42,OTT13
OTT,14,4,2,"DET, UTA, CGY, FLA",52%,"Average [37,77,45,51]",2,2,0,38,OTT14
OTT,15,4,2,"VAN, NYR, MTL, DET",42%,"Good [14,75,44,37]",4,2,0,34,OTT15
OTT,16,4,0,"COL, NSH, CBJ, VGK",67%,"Average [97,54,35,83]",2,2,0,30,OTT16
OTT,17,2,1,"CGY, N.J",45%,"Good [45,50]",0,0,0,28,OTT17
OTT,18,5,0,"PIT, CBJ, PHI, DET, TOR",45%,"Good [44,35,81,37,30]",2,4,0,23,OTT18
OTT,19,3,0,"EDM, CAR, SEA",52%,"Average [47,73,35]",0,3,0,20,OTT19
OTT,20,4,2,"VAN, MTL, ANA, S.J",25%,"Excellent [14,44,16,50]",2,1,0,16,OTT20
OTT,21,3,0,"WSH, NYI, TOR",30%,"Excellent [45,16,30]",2,1,0,13,OTT21
OTT,22,4,1,"NYR, DET, PIT, T.B",52%,"Average [75,37,44,50]",2,3,0,9,OTT22
OTT,23,4,0,"FLA, BUF, MIN, CBJ",45%,"Good [51,55,40,35]",2,1,0,5,OTT23
OTT,24,5,0,"T.B, FLA, NYI, N.J, TOR",32%,"Good [50,51,16,50,30]",2,2,0,0,OTT24
PHI,1,2,0,"FLA, CBJ",43%,"Good [51,35]",0,2,0,80,PHI1
PHI,2,3,0,"FLA, WPG, MIN",44%,"Good [51,40,40]",0,0,0,77,PHI2
PHI,3,3,1,"SEA, OTT, NYI",49%,"Good [35,95,16]",0,1,0,74,PHI3
PHI,4,4,1,"PIT, NSH, TOR, CAR",50%,"Good [44,54,30,73]",2,0,0,70,PHI4
PHI,5,3,0,"MTL, NSH, OTT",64%,"Average [44,54,95]",0,2,0,67,PHI5
PHI,6,3,2,"EDM, STL, DAL",54%,"Average [47,58,57]",2,2,0,64,PHI6
PHI,7,2,0,"STL, N.J",58%,"Average [58,50]",0,0,0,62,PHI7
PHI,8,4,0,"T.B, FLA, NYI, N.J",34%,"Good [50,51,16,50]",2,4,0,58,PHI8
PHI,9,3,2,"PIT, BUF, CGY",48%,"Good [44,55,45]",0,0,0,55,PHI9
PHI,10,4,0,"S.J, VGK, CBJ, CBJ",51%,"Average [50,83,35,35]",2,1,0,51,PHI10
PHI,11,3,0,"MTL, BUF, NYR",58%,"Average [44,55,75]",0,3,0,48,PHI11
PHI,12,3,2,"VAN, CHI, SEA",21%,"Excellent [14,15,35]",2,2,0,45,PHI12
PHI,13,3,1,"VAN, CAR, EDM",45%,"Good [14,73,47]",2,3,0,42,PHI13
PHI,14,3,0,"ANA, TOR, T.B",23%,"Excellent [16,30,50]",0,0,0,39,PHI14
PHI,15,4,1,"T.B, BUF, PIT, NYR",58%,"Average [50,55,44,75]",2,2,0,35,PHI15
PHI,16,3,0,"VGK, UTA, CGY",68%,"Average [83,77,45]",0,3,0,32,PHI16
PHI,17,4,2,"NYI, COL, BOS, L.A",41%,"Good [16,97,10,50]",2,2,0,28,PHI17
PHI,18,5,0,"WSH, OTT, WSH, NYR, BOS",54%,"Average [45,95,45,75,10]",2,2,0,23,PHI18
PHI,19,3,0,"TOR, UTA, PIT",50%,"Good [30,77,44]",0,2,0,20,PHI19
PHI,20,4,2,"NYR, WSH, MIN, COL",64%,"Average [75,45,40,97]",2,1,0,16,PHI20
PHI,21,3,0,"ANA, L.A, S.J",16%,"Excellent [16,50,50]",2,3,0,13,PHI21
PHI,22,4,0,"COL, CHI, DET, DAL",52%,"Average [97,15,37,57]",2,1,0,9,PHI22
PHI,23,4,1,"WSH, DET, NYI, BOS",27%,"Excellent [45,37,16,10]",2,2,0,5,PHI23
PHI,24,5,0,"N.J, DET, WPG, CBJ, MTL",39%,"Good [50,37,40,35,44]",2,3,0,0,PHI24
PIT,1,3,1,"NYR, NYI, NYR",55%,"Average [75,16,75]",0,1,0,79,PIT1
PIT,2,3,0,"ANA, L.A, S.J",16%,"Excellent [16,50,50]",0,3,0,76,PIT2
PIT,3,3,0,"VAN, FLA, COL",54%,"Average [14,51,97]",0,1,0,73,PIT3
PIT,4,4,1,"STL, PHI, MIN, WPG",55%,"Average [58,81,40,40]",2,3,0,69,PIT4
PIT,5,4,1,"TOR, WSH, N.J, L.A",38%,"Good [30,45,50,50]",2,2,0,65,PIT5
PIT,6,2,2,"NSH, NSH",54%,"Average [54,54]",0,1,0,63,PIT6
PIT,7,2,1,"MIN, SEA",38%,"Good [40,35]",2,0,0,61,PIT7
PIT,8,3,0,"BUF, COL, TOR",61%,"Average [55,97,30]",2,1,0,58,PIT8
PIT,9,3,1,"PHI, T.B, DAL",69%,"Average [81,50,57]",0,3,0,55,PIT9
PIT,10,4,0,"ANA, MTL, S.J, UTA",46%,"Good [16,44,50,77]",2,0,0,51,PIT10
PIT,11,4,0,"EDM, OTT, MTL, MTL",58%,"Average [47,95,44,44]",2,2,0,47,PIT11
PIT,12,2,1,"TOR, CHI",22%,"Excellent [30,15]",0,2,0,45,PIT12
PIT,13,4,2,"CBJ, DET, DET, COL",52%,"Average [35,37,37,97]",2,2,1,41,PIT13
PIT,14,3,1,"N.J, CAR, BOS",42%,"Good [50,73,10]",2,1,0,38,PIT14
PIT,15,3,0,"T.B, PHI, COL",89%,"Difficult [50,81,97]",0,0,0,35,PIT15
PIT,16,4,0,"SEA, CAR, EDM, VAN",42%,"Good [35,73,47,14]",2,4,0,31,PIT16
PIT,17,2,0,"CHI, NYR",45%,"Good [15,75]",0,0,0,29,PIT17
PIT,18,6,0,"OTT, NYI, BUF, N.J, NYR, VGK",65%,"Average [95,16,55,50,75,83]",4,3,0,23,PIT18
PIT,19,4,0,"BOS, BUF, PHI, BOS",39%,"Good [10,55,81,10]",2,1,0,19,PIT19
PIT,20,3,0,"CBJ, VGK, UTA",65%,"Average [35,83,77]",0,3,0,16,PIT20
PIT,21,4,1,"CGY, CBJ, WPG, CBJ",39%,"Good [45,35,40,35]",2,2,0,12,PIT21
PIT,22,3,0,"CGY, OTT, DAL",66%,"Average [45,95,57]",0,1,0,9,PIT22
PIT,23,5,1,"NYI, DET, T.B, FLA, FLA",39%,"Good [16,37,50,51,51]",4,2,0,4,PIT23
PIT,24,4,0,"N.J, WSH, WSH, STL",49%,"Good [50,45,45,58]",2,3,0,0,PIT24
S.J,1,2,0,"VGK, ANA",50%,"Good [83,16]",0,0,0,80,S.J1
S.J,2,3,1,"CBJ, UTA, PIT",52%,"Average [35,77,44]",2,1,0,77,S.J2
S.J,3,4,1,"NYI, NYR, N.J, MIN",44%,"Good [16,75,50,40]",2,4,0,73,S.J3
S.J,4,4,1,"L.A, N.J, CGY, DET",41%,"Good [50,50,45,37]",2,0,0,69,S.J4
S.J,5,3,2,"SEA, WPG, FLA",42%,"Good [35,40,51]",2,1,0,66,S.J5
S.J,6,3,0,"MIN, CAR, SEA",49%,"Good [40,73,35]",0,3,0,63,S.J6
S.J,7,4,0,"UTA, L.A, OTT, BOS",61%,"Average [77,50,95,10]",2,0,0,59,S.J7
S.J,8,3,0,"CGY, VAN, VGK",47%,"Good [45,14,83]",2,2,0,56,S.J8
S.J,9,4,3,"UTA, WSH, DAL, CBJ",54%,"Average [77,45,57,35]",0,2,0,52,S.J9
S.J,10,3,0,"PHI, TOR, PIT",52%,"Average [81,30,44]",0,3,0,49,S.J10
S.J,11,3,0,"CAR, DAL, SEA",55%,"Average [73,57,35]",0,0,0,46,S.J11
S.J,12,2,0,"VGK, VAN",48%,"Good [83,14]",0,2,0,44,S.J12
S.J,13,3,0,"ANA, MIN, T.B",28%,"Excellent [16,40,50]",0,1,0,41,S.J13
S.J,14,4,2,"COL, L.A, DAL, VGK",79%,"Difficult [97,50,57,83]",4,1,0,37,S.J14
S.J,15,2,1,"WSH, DET",41%,"Good [45,37]",2,2,0,35,S.J15
S.J,16,3,0,"FLA, T.B, NYR",63%,"Average [51,50,75]",2,2,0,32,S.J16
S.J,17,3,0,"VAN, EDM, CAR",45%,"Good [14,47,73]",0,3,0,29,S.J17
S.J,18,5,0,"CHI, CGY, CAR, EDM, WPG",44%,"Good [15,45,73,47,40]",2,2,0,24,S.J18
S.J,19,3,0,"MTL, STL, NYI",39%,"Good [44,58,16]",2,0,0,21,S.J19
S.J,20,4,0,"BUF, BOS, MTL, OTT",51%,"Average [55,10,44,95]",2,4,0,17,S.J20
S.J,21,3,0,"EDM, BUF, PHI",61%,"Average [47,55,81]",0,1,0,14,S.J21
S.J,22,3,0,"NSH, STL, COL",70%,"Average [54,58,97]",0,3,0,11,S.J22
S.J,23,4,2,"STL, ANA, TOR, NSH",40%,"Good [58,16,30,54]",2,0,0,7,S.J23
S.J,24,7,2,"CHI, EDM, ANA, VAN, NSH, CHI, WPG",29%,"Excellent [15,47,16,14,54,15,40]",4,4,0,0,S.J24
SEA,1,2,0,"ANA, VGK",50%,"Good [16,83]",0,0,0,80,SEA1
SEA,2,3,0,"MTL, OTT, TOR",56%,"Average [44,95,30]",0,3,0,77,SEA2
SEA,3,4,1,"PHI, WSH, WPG, EDM",53%,"Average [81,45,40,47]",2,3,0,73,SEA3
SEA,4,2,0,"MTL, NYR",60%,"Average [44,75]",0,0,0,71,SEA4
SEA,5,4,2,"CHI, S.J, STL, DAL",43%,"Good [15,50,58,57]",2,2,0,67,SEA5
SEA,6,3,0,"COL, WPG, S.J",68%,"Average [97,40,50]",0,0,0,64,SEA6
SEA,7,4,0,"DET, CHI, PIT, NYI",28%,"Excellent [37,15,44,16]",2,4,0,60,SEA7
SEA,8,2,0,"DAL, EDM",52%,"Average [57,47]",0,0,0,58,SEA8
SEA,9,2,0,"EDM, DET",42%,"Good [47,37]",0,1,0,56,SEA9
SEA,10,4,3,"MIN, L.A, UTA, BUF",57%,"Average [40,50,77,55]",0,1,0,52,SEA10
SEA,11,3,0,"CGY, CAR, S.J",59%,"Average [45,73,50]",0,2,0,49,SEA11
SEA,12,3,2,"ANA, L.A, PHI",48%,"Good [16,50,81]",3,2,0,46,SEA12
SEA,13,3,1,"VAN, NSH, VAN",27%,"Excellent [14,54,14]",3,1,0,43,SEA13
SEA,14,4,1,"CAR, BOS, MIN, CBJ",40%,"Good [73,10,40,35]",2,2,0,39,SEA14
SEA,15,4,1,"NYR, N.J, BOS, UTA",54%,"Average [75,50,10,77]",2,4,0,35,SEA15
SEA,16,4,0,"PIT, NYI, ANA, N.J",25%,"Excellent [44,16,16,50]",0,0,0,31,SEA16
SEA,17,3,0,"WSH, TOR, VGK",53%,"Average [45,30,83]",0,1,0,28,SEA17
SEA,18,5,0,"ANA, L.A, DAL, STL, VAN",36%,"Good [16,50,57,58,14]",4,4,0,23,SEA18
SEA,19,3,1,"CBJ, STL, OTT",63%,"Average [35,58,95]",0,0,0,20,SEA19
SEA,20,4,0,"NSH, CGY, VAN, FLA",41%,"Good [54,45,14,51]",2,1,0,16,SEA20
SEA,21,3,0,"T.B, NSH, COL",76%,"Difficult [50,54,97]",0,2,0,13,SEA21
SEA,22,3,0,"FLA, T.B, BUF",53%,"Average [51,50,55]",0,3,0,10,SEA22
SEA,23,3,0,"EDM, UTA, CHI",46%,"Good [47,77,15]",0,1,0,7,SEA23
SEA,24,7,1,"WPG, MIN, VGK, CAR, L.A, VGK, CGY",61%,"Average [40,40,83,73,50,83,45]",4,4,0,0,SEA24
STL,1,2,0,"MIN, CAR",56%,"Average [40,73]",0,1,0,80,STL1
STL,2,3,1,"VAN, CHI, DAL",29%,"Excellent [14,15,57]",0,1,0,77,STL2
STL,3,3,0,"L.A, UTA, DET",57%,"Average [50,77,37]",0,1,0,74,STL3
STL,4,4,1,"PIT, DET, VAN, COL",48%,"Good [44,37,14,97]",2,2,0,70,STL4
STL,5,4,2,"EDM, WSH, BUF, SEA",46%,"Good [47,45,55,35]",2,2,0,66,STL5
STL,6,3,1,"CAR, PHI, VGK",79%,"Difficult [73,81,83]",2,0,0,63,STL6
STL,7,3,0,"TOR, PHI, NYI",42%,"Good [30,81,16]",0,3,0,60,STL7
STL,8,4,0,"NYR, N.J, OTT, UTA",82%,"Difficult [75,50,95,77]",2,2,0,56,STL8
STL,9,4,1,"ANA, BOS, OTT, MTL",41%,"Good [16,10,95,44]",2,3,0,52,STL9
STL,10,3,1,"BOS, NSH, CHI",26%,"Excellent [10,54,15]",2,1,0,49,STL10
STL,11,4,2,"NSH, WPG, NYR, FLA",55%,"Average [54,40,75,51]",2,1,0,45,STL11
STL,12,2,1,"T.B, NSH",54%,"Average [50,54]",0,1,0,43,STL12
STL,13,4,1,"BUF, CGY, VGK, MTL",57%,"Average [55,45,83,44]",2,1,0,39,STL13
STL,14,3,2,"CHI, UTA, VGK",58%,"Average [15,77,83]",2,3,0,36,STL14
STL,15,3,2,"CBJ, T.B, EDM",41%,"Good [35,50,47]",0,1,0,33,STL15
STL,16,3,0,"WPG, DAL, L.A",48%,"Good [40,57,50]",2,2,0,30,STL16
STL,17,3,0,"DAL, FLA, COL",68%,"Average [57,51,97]",0,0,0,27,STL17
STL,18,5,0,"NSH, DAL, SEA, N.J, MIN",46%,"Good [54,57,35,50,40]",2,3,0,22,STL18
STL,19,3,1,"SEA, S.J, ANA",26%,"Excellent [35,50,16]",0,3,0,19,STL19
STL,20,4,1,"NYI, CBJ, EDM, WPG",34%,"Good [16,35,47,40]",2,2,0,15,STL20
STL,21,2,0,"CAR, VAN",44%,"Good [73,14]",0,2,0,13,STL21
STL,22,3,0,"WSH, S.J, TOR",38%,"Good [45,50,30]",0,0,0,10,STL22
STL,23,4,3,"S.J, L.A, ANA, CGY",30%,"Excellent [50,50,16,45]",0,4,0,6,STL23
STL,24,6,0,"CGY, WPG, CHI, MIN, PIT, UTA",44%,"Good [45,40,15,40,44,77]",2,2,0,0,STL24
T.B,1,2,0,"OTT, N.J",95%,"Difficult [95,50]",0,0,0,80,T.B1
T.B,2,4,1,"BOS, WSH, DET, COL",47%,"Good [10,45,37,97]",4,4,0,76,T.B2
T.B,3,3,0,"CHI, ANA, VGK",38%,"Good [15,16,83]",2,0,0,73,T.B3
T.B,4,3,1,"NSH, DAL, UTA",63%,"Average [54,57,77]",0,2,0,70,T.B4
T.B,5,3,0,"CGY, VGK, WSH",58%,"Average [45,83,45]",0,2,0,67,T.B5
T.B,6,3,2,"NYR, FLA, VAN",47%,"Good [75,51,14]",2,1,0,64,T.B6
T.B,7,3,0,"N.J, EDM, WSH",46%,"Good [50,47,45]",0,1,0,61,T.B7
T.B,8,4,0,"PHI, CAR, DET, NYR",66%,"Average [81,73,37,75]",2,2,0,57,T.B8
T.B,9,3,0,"NYI, PIT, NYI",25%,"Excellent [16,44,16]",0,1,0,54,T.B9
T.B,10,4,1,"TOR, MTL, N.J, NYI",30%,"Excellent [30,44,50,16]",2,4,0,50,T.B10
T.B,11,3,1,"FLA, L.A, CBJ",43%,"Good [51,50,35]",0,0,0,47,T.B11
T.B,12,3,2,"STL, FLA, MTL",51%,"Average [58,51,44]",2,1,0,44,T.B12
T.B,13,3,0,"ANA, L.A, S.J",16%,"Excellent [16,50,50]",2,3,0,41,T.B13
T.B,14,2,0,"CGY, PHI",63%,"Average [45,81]",0,1,0,39,T.B14
T.B,15,4,2,"PHI, PIT, STL, DAL",60%,"Average [81,44,58,57]",2,4,0,35,T.B15
T.B,16,3,0,"S.J, CHI, COL",56%,"Average [50,15,97]",2,2,0,32,T.B16
T.B,17,3,2,"UTA, WPG, BOS",42%,"Good [77,40,10]",0,0,0,29,T.B17
T.B,18,5,0,"BUF, FLA, TOR, CBJ, BUF",45%,"Good [55,51,30,35,55]",2,1,0,24,T.B18
T.B,19,4,0,"MIN, WPG, TOR, BUF",41%,"Good [40,40,30,55]",2,4,0,20,T.B19
T.B,20,3,0,"COL, DET, CBJ",56%,"Average [97,37,35]",0,0,0,17,T.B20
T.B,21,4,0,"SEA, VAN, EDM, CAR",42%,"Good [35,14,47,73]",2,4,0,13,T.B21
T.B,22,4,0,"MIN, SEA, OTT, NSH",56%,"Average [40,35,95,54]",2,0,0,9,T.B22
T.B,23,3,0,"MTL, PIT, BOS",33%,"Good [44,44,10]",0,0,0,6,T.B23
T.B,24,6,1,"BUF, OTT, MTL, BOS, DET, NYR",53%,"Average [55,95,44,10,37,75]",2,4,0,0,T.B24
TOR,1,2,1,"MTL, DET",40%,"Good [44,37]",0,1,0,80,TOR1
TOR,2,4,0,"DET, NSH, NYR, SEA",50%,"Good [37,54,75,35]",2,0,0,76,TOR2
TOR,3,3,1,"N.J, BUF, BUF",55%,"Average [50,55,55]",2,1,0,73,TOR3
TOR,4,3,1,"CAR, COL, PHI",84%,"Difficult [73,97,81]",2,2,0,70,TOR4
TOR,5,4,2,"PIT, UTA, BOS, CBJ",42%,"Good [44,77,10,35]",2,0,0,66,TOR5
TOR,6,3,0,"BOS, L.A, CHI",12%,"Excellent [10,50,15]",0,2,0,63,TOR6
TOR,7,3,0,"STL, COL, MTL",66%,"Average [58,97,44]",0,1,0,60,TOR7
TOR,8,3,0,"COL, WSH, PIT",62%,"Average [97,45,44]",2,3,0,57,TOR8
TOR,9,3,0,"FLA, CBJ, MTL",43%,"Good [51,35,44]",0,2,0,54,TOR9
TOR,10,3,1,"T.B, S.J, EDM",47%,"Good [50,50,47]",0,0,0,51,TOR10
TOR,11,4,0,"CHI, WSH, NSH, DAL",43%,"Good [15,45,54,57]",2,3,0,47,TOR11
TOR,12,3,1,"PIT, OTT, DET",59%,"Average [44,95,37]",2,1,0,44,TOR12
TOR,13,3,1,"N.J, WPG, NYI",28%,"Excellent [50,40,16]",0,1,0,41,TOR13
TOR,14,3,0,"FLA, PHI, VAN",49%,"Good [51,81,14]",0,1,0,38,TOR14
TOR,15,4,0,"CGY, UTA, VGK, WPG",61%,"Average [45,77,83,40]",2,4,0,34,TOR15
TOR,16,4,0,"MIN, DET, VGK, CGY",51%,"Average [40,37,83,45]",0,0,0,30,TOR16
TOR,17,3,0,"BUF, SEA, VAN",35%,"Good [55,35,14]",0,2,0,27,TOR17
TOR,18,5,0,"CAR, EDM, T.B, FLA, OTT",66%,"Average [73,47,50,51,95]",4,4,0,22,TOR18
TOR,19,4,1,"PHI, N.J, NYR, T.B",78%,"Difficult [81,50,75,50]",2,2,0,18,TOR19
TOR,20,4,0,"MTL, ANA, BUF, MIN",39%,"Good [44,16,55,40]",2,3,0,14,TOR20
TOR,21,3,1,"NYI, CBJ, OTT",49%,"Good [16,35,95]",2,1,0,11,TOR21
TOR,22,3,1,"BOS, NYR, STL",48%,"Good [10,75,58]",2,2,0,8,TOR22
TOR,23,3,1,"ANA, S.J, L.A",16%,"Excellent [16,50,50]",0,3,0,5,TOR23
TOR,24,5,1,"WSH, NYI, FLA, DAL, OTT",53%,"Average [45,16,51,57,95]",2,2,0,0,TOR24
UTA,1,2,0,"CGY, NSH",50%,"Good [45,54]",0,2,0,80,UTA1
UTA,2,4,3,"CHI, CAR, S.J, BOS",33%,"Good [15,73,50,10]",0,1,0,76,UTA2
UTA,3,4,0,"CGY, STL, MIN, WPG",46%,"Good [45,58,40,40]",2,3,0,72,UTA3
UTA,4,2,1,"EDM, T.B",47%,"Good [47,50]",0,1,0,70,UTA4
UTA,5,4,1,"BUF, TOR, MTL, OTT",56%,"Average [55,30,44,95]",4,4,0,66,UTA5
UTA,6,2,2,"BUF, NYI",36%,"Good [55,16]",0,0,0,64,UTA6
UTA,7,4,0,"ANA, S.J, VGK, NYR",58%,"Average [16,50,83,75]",2,2,0,60,UTA7
UTA,8,4,0,"VGK, MTL, DAL, STL",60%,"Average [83,44,57,58]",2,2,0,56,UTA8
UTA,9,4,3,"S.J, ANA, VAN, CAR",34%,"Good [50,16,14,73]",2,4,0,52,UTA9
UTA,10,4,3,"L.A, FLA, SEA, PIT",43%,"Good [50,51,35,44]",0,1,0,48,UTA10
UTA,11,4,2,"BOS, DET, N.J, WPG",29%,"Excellent [10,37,50,40]",2,2,0,44,UTA11
UTA,12,1,0,CGY,45%,Good [45],0,1,0,43,UTA12
UTA,13,3,0,"NSH, NYI, N.J",35%,"Good [54,16,50]",0,2,0,40,UTA13
UTA,14,4,4,"NYR, OTT, STL, COL",81%,"Difficult [75,95,58,97]",0,1,0,36,UTA14
UTA,15,3,0,"TOR, DAL, SEA",41%,"Good [30,57,35]",0,0,0,33,UTA15
UTA,16,2,0,"PHI, NSH",68%,"Average [81,54]",0,1,0,31,UTA16
UTA,17,4,1,"T.B, FLA, CBJ, DAL",48%,"Good [50,51,35,57]",2,3,0,27,UTA17
UTA,18,5,1,"VAN, DET, CGY, MIN, CHI",30%,"Excellent [14,37,45,40,15]",0,0,0,22,UTA18
UTA,19,3,0,"WSH, PHI, COL",74%,"Difficult [45,81,97]",0,3,0,19,UTA19
UTA,20,4,1,"CHI, MIN, CHI, PIT",28%,"Excellent [15,40,15,44]",2,2,0,15,UTA20
UTA,21,4,2,"DAL, VGK, ANA, L.A",52%,"Average [57,83,16,50]",2,2,0,11,UTA21
UTA,22,3,0,"EDM, WSH, L.A",46%,"Good [47,45,50]",0,1,0,8,UTA22
UTA,23,2,0,"SEA, VAN",24%,"Excellent [35,14]",0,2,0,6,UTA23
UTA,24,6,0,"EDM, NSH, CBJ, CAR, WPG, STL",51%,"Average [47,54,35,73,40,58]",2,1,0,0,UTA24
VAN,1,2,0,"CAR, EDM",60%,"Average [73,47]",0,1,0,80,VAN1
VAN,2,4,2,"STL, DAL, CHI, WSH",44%,"Good [58,57,15,45]",2,3,0,76,VAN2
VAN,3,4,0,"PIT, NSH, MTL, EDM",47%,"Good [44,54,44,47]",2,2,0,72,VAN3
VAN,4,3,0,"NYR, STL, MIN",58%,"Average [75,58,40]",0,2,0,69,VAN4
VAN,5,4,2,"NSH, CHI, COL, CGY",53%,"Average [54,15,97,45]",2,1,0,65,VAN5
VAN,6,3,2,"WPG, CBJ, T.B",38%,"Good [40,35,50]",1,2,0,62,VAN6
VAN,7,3,0,"FLA, DAL, CAR",60%,"Average [51,57,73]",1,1,0,59,VAN7
VAN,8,3,0,"ANA, S.J, L.A",16%,"Excellent [16,50,50]",2,3,0,56,VAN8
VAN,9,3,1,"CGY, UTA, MIN",54%,"Average [45,77,40]",2,1,0,53,VAN9
VAN,10,3,1,"DET, BUF, N.J",46%,"Good [37,55,50]",0,1,0,50,VAN10
VAN,11,3,1,"NYR, NYI, BOS",34%,"Good [75,16,10]",2,3,0,47,VAN11
VAN,12,2,1,"PHI, S.J",81%,"Difficult [81,50]",0,1,0,45,VAN12
VAN,13,4,2,"SEA, PHI, SEA, BOS",40%,"Good [35,81,35,10]",4,1,0,41,VAN13
VAN,14,3,0,"BUF, DET, TOR",41%,"Good [55,37,30]",0,3,0,38,VAN14
VAN,15,4,0,"MTL, OTT, COL, EDM",71%,"Difficult [44,95,97,47]",2,3,0,34,VAN15
VAN,16,4,0,"NYI, WSH, N.J, PIT",35%,"Good [16,45,50,44]",0,0,0,30,VAN16
VAN,17,3,0,"S.J, ANA, TOR",23%,"Excellent [50,16,30]",0,0,0,27,VAN17
VAN,18,4,0,"UTA, VGK, WPG, SEA",59%,"Average [77,83,40,35]",0,3,0,23,VAN18
VAN,19,4,1,"DAL, CBJ, CHI, WPG",37%,"Good [57,35,15,40]",2,2,0,19,VAN19
VAN,20,3,1,"OTT, NSH, SEA",61%,"Average [95,54,35]",0,0,0,16,VAN20
VAN,21,3,0,"FLA, T.B, STL",54%,"Average [51,50,58]",0,0,0,13,VAN21
VAN,22,3,0,"ANA, L.A, CAR",44%,"Good [16,50,73]",0,1,0,10,VAN22
VAN,23,4,2,"VGK, CGY, MIN, UTA",61%,"Average [83,45,40,77]",2,3,0,6,VAN23
VAN,24,6,0,"VGK, L.A, S.J, ANA, L.A, EDM",49%,"Good [83,50,50,16,50,47]",2,4,0,0,VAN24
VGK,1,3,1,"L.A, S.J, SEA",35%,"Good [50,50,35]",2,2,0,79,VGK1
VGK,2,3,0,"CAR, BOS, CAR",52%,"Average [73,10,73]",0,1,0,76,VGK2
VGK,3,3,1,"CBJ, FLA, T.B",43%,"Good [35,51,50]",2,2,0,73,VGK3
VGK,4,2,1,"CBJ, CGY",40%,"Good [35,45]",0,1,0,71,VGK4
VGK,5,3,0,"DET, T.B, ANA",26%,"Excellent [37,50,16]",0,0,0,68,VGK5
VGK,6,4,2,"FLA, NYI, STL, MIN",41%,"Good [51,16,58,40]",2,2,0,64,VGK6
VGK,7,3,0,"NYR, UTA, ANA",56%,"Average [75,77,16]",0,2,0,61,VGK7
VGK,8,4,0,"UTA, OTT, MTL, S.J",72%,"Difficult [77,95,44,50]",2,1,0,57,VGK8
VGK,9,3,1,"CHI, N.J, NYR",45%,"Good [15,50,75]",0,2,0,54,VGK9
VGK,10,3,0,"NYI, PHI, COL",65%,"Average [16,81,97]",0,3,0,51,VGK10
VGK,11,3,1,"N.J, CAR, EDM",60%,"Average [50,73,47]",2,2,0,48,VGK11
VGK,12,2,0,"S.J, CGY",45%,"Good [50,45]",0,0,0,46,VGK12
VGK,13,4,2,"MIN, NSH, STL, CHI",42%,"Good [40,54,58,15]",0,2,1,42,VGK13
VGK,14,4,1,"WPG, COL, STL, S.J",65%,"Average [40,97,58,50]",2,2,0,38,VGK14
VGK,15,3,1,"L.A, TOR, NSH",42%,"Good [50,30,54]",2,1,0,35,VGK15
VGK,16,4,0,"PHI, BOS, TOR, OTT",54%,"Average [81,10,30,95]",2,3,0,31,VGK16
VGK,17,4,1,"MTL, DAL, SEA, ANA",38%,"Good [44,57,35,16]",2,2,0,27,VGK17
VGK,18,5,1,"VAN, L.A, L.A, WSH, PIT",34%,"Good [14,50,50,45,44]",2,3,0,22,VGK18
VGK,19,4,1,"BUF, DET, MIN, EDM",45%,"Good [55,37,40,47]",2,2,0,18,VGK19
VGK,20,3,0,"DAL, PIT, CHI",39%,"Good [57,44,15]",0,1,0,15,VGK20
VGK,21,4,0,"BUF, UTA, NSH, DAL",61%,"Average [55,77,54,57]",2,2,0,11,VGK21
VGK,22,3,0,"WPG, EDM, WSH",44%,"Good [40,47,45]",0,1,0,8,VGK22
VGK,23,3,1,"VAN, CAR, EDM",45%,"Good [14,73,47]",0,1,0,5,VGK23
VGK,24,5,0,"VAN, SEA, CGY, WPG, SEA",34%,"Good [14,35,45,40,35]",0,3,0,0,VGK24
WPG,1,2,0,"DAL, L.A",57%,"Average [57,50]",0,0,0,80,WPG1
WPG,2,3,0,"NYI, PHI, NSH",50%,"Good [16,81,54]",0,2,0,77,WPG2
WPG,3,4,2,"CAR, SEA, CAR, UTA",64%,"Average [73,35,73,77]",2,1,0,73,WPG3
WPG,4,3,0,"MIN, CHI, PIT",33%,"Good [40,15,44]",0,1,0,70,WPG4
WPG,5,3,1,"L.A, S.J, ANA",16%,"Excellent [50,50,16]",0,3,0,67,WPG5
WPG,6,3,0,"VAN, SEA, CAR",41%,"Good [14,35,73]",0,3,0,64,WPG6
WPG,7,3,1,"COL, CBJ, MIN",57%,"Average [97,35,40]",0,0,0,61,WPG7
WPG,8,3,0,"WSH, CBJ, NSH",45%,"Good [45,35,54]",2,3,0,58,WPG8
WPG,9,4,3,"BUF, MTL, BUF, EDM",50%,"Good [55,44,55,47]",2,3,0,54,WPG9
WPG,10,3,0,"DAL, BOS, WSH",37%,"Good [57,10,45]",0,0,0,51,WPG10
WPG,11,4,3,"OTT, STL, CGY, UTA",69%,"Average [95,58,45,77]",0,3,0,47,WPG11
WPG,12,1,0,MIN,40%,Good [40],0,0,0,46,WPG12
WPG,13,4,0,"EDM, DET, TOR, OTT",52%,"Average [47,37,30,95]",2,3,0,42,WPG13
WPG,14,4,2,"VGK, EDM, L.A, N.J",65%,"Average [83,47,50,50]",2,0,0,38,WPG14
WPG,15,3,0,"NYI, MIN, TOR",29%,"Excellent [16,40,30]",0,1,0,35,WPG15
WPG,16,4,0,"CHI, STL, FLA, DET",40%,"Good [15,58,51,37]",2,1,0,31,WPG16
WPG,17,3,0,"N.J, T.B, FLA",51%,"Average [50,50,51]",0,3,0,28,WPG17
WPG,18,5,1,"DAL, MTL, VAN, ANA, S.J",33%,"Good [57,44,14,16,50]",0,4,0,23,WPG18
WPG,19,3,0,"CHI, T.B, VAN",14%,"Excellent [15,50,14]",0,0,0,20,WPG19
WPG,20,4,0,"ANA, NYR, CGY, STL",48%,"Good [16,75,45,58]",2,0,0,16,WPG20
WPG,21,4,0,"NSH, BOS, PIT, NYR",46%,"Good [54,10,44,75]",2,3,0,12,WPG21
WPG,22,3,0,"VGK, CGY, CGY",58%,"Average [83,45,45]",0,1,0,9,WPG22
WPG,23,3,0,"CHI, DAL, COL",56%,"Average [15,57,97]",0,3,0,6,WPG23
WPG,24,6,1,"SEA, STL, PHI, VGK, UTA, S.J",67%,"Average [35,58,81,83,77,50]",2,3,0,0,WPG24
WSH,1,3,2,"BOS, NYI, NYR",34%,"Good [10,16,75]",2,2,0,79,WSH1
WSH,2,3,2,"T.B, MIN, VAN",27%,"Excellent [50,40,14]",0,0,0,76,WSH2
WSH,3,3,1,"SEA, COL, OTT",76%,"Difficult [35,97,95]",2,1,0,73,WSH3
WSH,4,3,1,"DAL, NYI, BUF",43%,"Good [57,16,55]",2,2,0,70,WSH4
WSH,5,3,1,"STL, PIT, T.B",51%,"Average [58,44,50]",2,2,0,67,WSH5
WSH,6,3,0,"CBJ, FLA, N.J",43%,"Good [35,51,50]",0,2,0,64,WSH6
WSH,7,4,1,"L.A, EDM, MTL, T.B",46%,"Good [50,47,44,50]",2,1,0,60,WSH7
WSH,8,4,1,"COL, WPG, TOR, NYI",46%,"Good [97,40,30,16]",0,1,0,56,WSH8
WSH,9,4,2,"L.A, S.J, ANA, COL",56%,"Average [50,50,16,97]",2,3,0,52,WSH9
WSH,10,2,0,"CBJ, WPG",38%,"Good [35,40]",0,1,0,50,WSH10
WSH,11,4,0,"MIN, TOR, DET, DET",36%,"Good [40,30,37,37]",2,2,0,46,WSH11
WSH,12,2,0,"NYR, N.J",75%,"Difficult [75,50]",0,1,0,44,WSH12
WSH,13,4,0,"FLA, NYR, OTT, CHI",59%,"Average [51,75,95,15]",2,2,0,40,WSH13
WSH,14,4,4,"ANA, DAL, CHI, NSH",36%,"Good [16,57,15,54]",0,2,0,36,WSH14
WSH,15,3,0,"MTL, S.J, FLA",48%,"Good [44,50,51]",0,0,0,33,WSH15
WSH,16,4,0,"CGY, VAN, CAR, EDM",45%,"Good [45,14,73,47]",2,4,0,29,WSH16
WSH,17,3,0,"SEA, DET, CBJ",36%,"Good [35,37,35]",0,2,0,26,WSH17
WSH,18,6,1,"NYI, PHI, NSH, PHI, VGK, MTL",60%,"Average [16,81,54,81,83,44]",4,2,0,20,WSH18
WSH,19,2,0,"UTA, BOS",44%,"Good [77,10]",0,1,0,18,WSH19
WSH,20,4,2,"CAR, PHI, BUF, BOS",55%,"Average [73,81,55,10]",2,2,0,14,WSH20
WSH,21,3,1,"OTT, N.J, CGY",70%,"Average [95,50,45]",0,0,0,11,WSH21
WSH,22,3,0,"STL, UTA, VGK",73%,"Difficult [58,77,83]",0,3,0,8,WSH22
WSH,23,4,0,"PHI, N.J, BUF, NYR",70%,"Average [81,50,55,75]",2,2,0,4,WSH23
WSH,24,4,1,"TOR, PIT, PIT, COL",54%,"Average [30,44,44,97]",2,3,0,0,WSH24
