TM,Week,Games,LiteNite,Opponents,OppOff,OffMatchUp,B2B,Away,GamesRestOfWeek,GamesROS,Key
ANA,1,2,0,"SEA, S.J",4%,"Excellent [4,50]",0,2,0,80,ANA1
ANA,2,3,1,"PIT, CBJ, CHI",45%,"Good [57,58,21]",0,1,0,77,ANA2
ANA,3,3,0,"NSH, BOS, T.B",22%,"Excellent [28,16,50]",0,3,0,74,ANA3
ANA,4,3,2,"FLA, DET, N.J",56%,"Average [63,49,50]",0,1,0,71,ANA4
ANA,5,4,0,"FLA, DAL, VGK, WPG",42%,"Good [63,29,44,32]",2,2,0,67,ANA5
ANA,6,3,0,"CGY, DET, MIN",38%,"Good [40,49,25]",0,3,0,64,ANA6
ANA,7,4,1,"UTA, BOS, OTT, VGK",36%,"Good [52,16,32,44]",2,0,0,60,ANA7
ANA,8,3,1,"VAN, L.A, CHI",26%,"Excellent [32,50,21]",1,1,0,57,ANA8
ANA,9,4,3,"STL, UTA, WSH, CHI",44%,"Good [22,52,81,21]",1,1,1,53,ANA9
ANA,10,3,0,"PIT, NYI, N.J",48%,"Good [57,39,50]",0,3,0,50,ANA10
ANA,11,4,2,"NYR, COL, DAL, COL",59%,"Average [40,83,29,83]",4,2,0,46,ANA11
ANA,12,2,1,"SEA, L.A",4%,"Excellent [4,50]",0,1,0,44,ANA12
ANA,13,3,1,"S.J, T.B, MIN",25%,"Excellent [50,50,25]",0,0,0,41,ANA13
ANA,14,4,1,"WSH, PHI, CBJ, BUF",51%,"Average [81,18,58,46]",2,4,0,37,ANA14
ANA,15,3,1,"DAL, L.A, L.A",29%,"Excellent [29,50,50]",2,1,0,34,ANA15
ANA,16,4,0,"NYR, CGY, SEA, CAR",45%,"Good [40,40,4,96]",1,3,0,30,ANA16
ANA,17,3,2,"EDM, VAN, VGK",36%,"Good [33,32,44]",1,2,0,27,ANA17
ANA,18,4,1,"SEA, EDM, WPG, CAR",41%,"Good [4,33,32,96]",0,0,0,23,ANA18
ANA,19,4,1,"CGY, NYI, MTL, STL",30%,"Excellent [40,39,17,22]",2,0,0,19,ANA19
ANA,20,4,0,"WPG, TOR, OTT, MTL",30%,"Excellent [32,37,32,17]",2,4,0,15,ANA20
ANA,21,3,1,"PHI, UTA, BUF",39%,"Good [18,52,46]",0,1,0,12,ANA21
ANA,22,3,0,"VAN, CAR, EDM",54%,"Average [32,96,33]",0,3,0,9,ANA22
ANA,23,4,3,"TOR, S.J, STL, CAR",52%,"Average [37,50,22,96]",2,1,0,5,ANA23
ANA,24,5,0,"NSH, S.J, VAN, MIN, NSH",28%,"Excellent [28,50,32,25,28]",0,2,0,0,ANA24
BOS,1,3,1,"WSH, CHI, BUF",49%,"Good [81,21,46]",2,1,0,79,BOS1
BOS,2,4,1,"T.B, VGK, CGY, UTA",45%,"Good [50,44,40,52]",2,3,0,75,BOS2
BOS,3,3,0,"FLA, ANA, CGY",55%,"Average [63,61,40]",0,0,0,72,BOS3
BOS,4,4,1,"OTT, NYI, BUF, CBJ",44%,"Good [32,39,46,58]",2,1,0,68,BOS4
BOS,5,3,0,"NYI, OTT, TOR",36%,"Good [39,32,37]",0,2,0,65,BOS5
BOS,6,3,0,"TOR, OTT, MTL",29%,"Excellent [37,32,17]",0,2,0,62,BOS6
BOS,7,4,2,"CBJ, ANA, L.A, S.J",60%,"Average [58,61,50,50]",0,3,0,58,BOS7
BOS,8,3,0,"NYI, NYR, DET",43%,"Good [39,40,49]",2,1,0,55,BOS8
BOS,9,3,0,"DET, STL, N.J",36%,"Good [49,22,50]",0,1,1,52,BOS9
BOS,10,3,0,"STL, WPG, MIN",26%,"Excellent [22,32,25]",0,3,0,49,BOS10
BOS,11,4,0,"UTA, EDM, VAN, OTT",37%,"Good [52,33,32,32]",2,0,0,45,BOS11
BOS,12,2,0,"MTL, BUF",32%,"Good [17,46]",0,1,0,43,BOS12
BOS,13,3,0,"CAR, EDM, VAN",54%,"Average [96,33,32]",0,3,0,40,BOS13
BOS,14,4,1,"SEA, CAR, NYR, PIT",49%,"Good [4,96,40,57]",2,1,0,36,BOS14
BOS,15,3,0,"DET, SEA, CHI",25%,"Excellent [49,4,21]",0,1,0,33,BOS15
BOS,16,3,0,"DAL, VGK, MTL",30%,"Excellent [29,44,17]",0,1,0,30,BOS16
BOS,17,4,2,"NYR, NSH, PHI, T.B",29%,"Excellent [40,28,18,50]",2,2,0,26,BOS17
BOS,18,3,0,"FLA, COL, PHI",55%,"Average [63,83,18]",0,2,0,23,BOS18
BOS,19,4,0,"PIT, NSH, WSH, PIT",56%,"Average [57,28,81,57]",2,2,0,19,BOS19
BOS,20,3,0,"L.A, S.J, WSH",81%,"Difficult [50,50,81]",0,1,0,16,BOS20
BOS,21,4,1,"N.J, MTL, WPG, DET",33%,"Good [50,17,32,49]",2,3,0,12,BOS21
BOS,22,4,1,"TOR, BUF, MIN, COL",48%,"Good [37,46,25,83]",4,2,0,8,BOS22
BOS,23,4,0,"DAL, FLA, T.B, PHI",37%,"Good [29,63,50,18]",2,3,0,4,BOS23
BOS,24,4,0,"CBJ, T.B, COL, N.J",70%,"Average [58,50,83,50]",2,2,0,0,BOS24
BUF,1,2,0,"NYR, BOS",28%,"Excellent [40,16]",0,1,0,80,BUF1
BUF,2,3,1,"CGY, OTT, FLA",45%,"Good [40,32,63]",0,0,0,77,BUF2
BUF,3,4,3,"MTL, DET, TOR, TOR",35%,"Good [17,49,37,37]",2,2,0,73,BUF3
BUF,4,3,0,"COL, BOS, WSH",60%,"Average [83,16,81]",0,1,0,70,BUF4
BUF,5,3,0,"UTA, STL, CBJ",44%,"Good [52,22,58]",0,1,0,67,BUF5
BUF,6,3,1,"UTA, CGY, DET",47%,"Good [52,40,49]",2,3,0,64,BUF6
BUF,7,4,2,"EDM, CAR, CHI, CBJ",52%,"Average [33,96,21,58]",0,0,0,60,BUF7
BUF,8,3,0,"PIT, N.J, MIN",41%,"Good [57,50,25]",2,2,0,57,BUF8
BUF,9,3,3,"WPG, PHI, WPG",27%,"Excellent [32,18,32]",0,2,0,54,BUF9
BUF,10,4,1,"CAR, EDM, VAN, SEA",41%,"Good [96,33,32,4]",2,4,0,50,BUF10
BUF,11,3,0,"PHI, NYI, N.J",28%,"Excellent [18,39,50]",2,1,0,47,BUF11
BUF,12,2,0,"OTT, BOS",24%,"Excellent [32,16]",0,1,0,45,BUF12
BUF,13,3,0,"STL, DAL, COL",45%,"Good [22,29,83]",0,3,0,42,BUF13
BUF,14,3,0,"VAN, NYR, ANA",44%,"Good [32,40,61]",0,1,0,39,BUF14
BUF,15,4,1,"FLA, PHI, MTL, MIN",31%,"Good [63,18,17,25]",2,0,0,35,BUF15
BUF,16,4,0,"CBJ, NSH, MTL, NYI",36%,"Good [58,28,17,39]",2,4,0,31,BUF16
BUF,17,3,0,"TOR, L.A, MTL",27%,"Excellent [37,50,17]",0,1,0,28,BUF17
BUF,18,6,1,"FLA, T.B, PIT, N.J, FLA, T.B",61%,"Average [63,50,57,50,63,50]",4,5,0,22,BUF18
BUF,19,4,0,"VGK, PIT, NSH, T.B",43%,"Good [44,57,28,50]",2,1,0,18,BUF19
BUF,20,3,0,"S.J, WSH, TOR",59%,"Average [50,81,37]",0,0,0,15,BUF20
BUF,21,4,0,"VGK, S.J, L.A, ANA",52%,"Average [44,50,50,61]",2,4,0,11,BUF21
BUF,22,3,2,"BOS, DET, SEA",23%,"Excellent [16,49,4]",2,0,0,8,BUF22
BUF,23,3,0,"NYI, OTT, WSH",51%,"Average [39,32,81]",0,2,0,5,BUF23
BUF,24,5,2,"T.B, NYR, COL, CHI, DAL",43%,"Good [50,40,83,21,29]",2,2,0,0,BUF24
CAR,1,3,1,"EDM, VAN, STL",29%,"Excellent [33,32,22]",2,2,0,79,CAR1
CAR,2,3,1,"VGK, UTA, VGK",47%,"Good [44,52,44]",2,2,0,76,CAR2
CAR,3,4,3,"WPG, MTL, WPG, NYR",30%,"Excellent [32,17,32,40]",0,1,0,72,CAR3
CAR,4,4,1,"TOR, OTT, NSH, PHI",29%,"Excellent [37,32,28,18]",2,4,0,68,CAR4
CAR,5,3,2,"COL, CHI, MIN",43%,"Good [83,21,25]",0,1,0,65,CAR5
CAR,6,3,0,"STL, S.J, WPG",27%,"Excellent [22,50,32]",0,1,0,62,CAR6
CAR,7,4,1,"CHI, BUF, DAL, VAN",32%,"Good [21,46,29,32]",4,3,0,58,CAR7
CAR,8,3,1,"T.B, FLA, CBJ",60%,"Average [50,63,58]",0,3,0,55,CAR8
CAR,9,3,0,"NSH, MIN, UTA",35%,"Good [28,25,52]",0,1,1,52,CAR9
CAR,10,3,2,"BUF, DET, L.A",48%,"Good [46,49,50]",0,1,0,49,CAR10
CAR,11,3,0,"S.J, SEA, VGK",24%,"Excellent [50,4,44]",0,1,0,46,CAR11
CAR,12,2,0,"EDM, EDM",33%,"Good [33,33]",0,1,0,44,CAR12
CAR,13,3,0,"BOS, PHI, NSH",21%,"Excellent [16,18,28]",0,0,0,41,CAR13
CAR,14,4,2,"SEA, MTL, BOS, PIT",24%,"Excellent [4,17,16,57]",2,3,0,37,CAR14
CAR,15,3,0,"COL, CHI, NYI",48%,"Good [83,21,39]",0,2,0,34,CAR15
CAR,16,4,0,"N.J, PIT, WSH, ANA",66%,"Average [50,57,81,61]",0,0,0,30,CAR16
CAR,17,2,0,"MIN, S.J",25%,"Excellent [25,50]",0,1,0,28,CAR17
CAR,18,5,0,"TOR, EDM, S.J, L.A, ANA",44%,"Good [37,33,50,50,61]",2,3,0,23,CAR18
CAR,19,3,0,"DAL, OTT, CBJ",40%,"Good [29,32,58]",0,0,0,20,CAR19
CAR,20,4,1,"WSH, NYR, N.J, NYI",53%,"Average [81,40,50,39]",2,4,0,16,CAR20
CAR,21,4,2,"DET, STL, FLA, T.B",45%,"Good [49,22,63,50]",0,1,0,12,CAR21
CAR,22,3,0,"L.A, ANA, VAN",46%,"Good [50,61,32]",0,0,0,9,CAR22
CAR,23,3,1,"CGY, VGK, ANA",48%,"Good [40,44,61]",0,3,0,6,CAR23
CAR,24,6,0,"DAL, CGY, SEA, UTA, CGY, L.A",33%,"Good [29,40,4,52,40,50]",2,3,0,0,CAR24
CBJ,1,2,0,"N.J, PHI",18%,"Excellent [50,18]",0,0,0,80,CBJ1
CBJ,2,3,0,"S.J, ANA, L.A",61%,"Average [50,61,50]",0,3,0,77,CBJ2
CBJ,3,3,1,"VGK, CGY, DAL",38%,"Good [44,40,29]",0,3,0,74,CBJ3
CBJ,4,3,0,"VGK, NYI, BOS",33%,"Good [44,39,16]",0,1,0,71,CBJ4
CBJ,5,4,0,"NYR, MIN, BUF, TOR",37%,"Good [40,25,46,37]",2,2,0,67,CBJ5
CBJ,6,3,1,"WSH, VAN, EDM",49%,"Good [81,32,33]",2,0,0,64,CBJ6
CBJ,7,4,2,"BOS, MIN, WPG, BUF",30%,"Excellent [16,25,32,46]",0,4,0,60,CBJ7
CBJ,8,3,1,"NYR, WPG, CAR",56%,"Average [40,32,96]",0,0,0,57,CBJ8
CBJ,9,3,0,"TOR, NSH, S.J",32%,"Good [37,28,50]",2,0,2,54,CBJ9
CBJ,10,4,0,"COL, WSH, PHI, PHI",50%,"Good [83,81,18,18]",2,2,0,50,CBJ10
CBJ,11,3,2,"NSH, FLA, T.B",46%,"Good [28,63,50]",2,3,0,47,CBJ11
CBJ,12,2,0,"FLA, DET",56%,"Average [63,49]",0,0,0,45,CBJ12
CBJ,13,5,2,"NYR, PIT, MTL, CGY, N.J",38%,"Good [40,57,17,40,50]",4,2,0,40,CBJ13
CBJ,14,3,0,"DAL, ANA, SEA",31%,"Good [29,61,4]",0,0,0,37,CBJ14
CBJ,15,4,1,"DET, STL, FLA, N.J",45%,"Good [49,22,63,50]",4,3,0,33,CBJ15
CBJ,16,3,0,"BUF, CHI, OTT",33%,"Good [46,21,32]",0,1,0,30,CBJ16
CBJ,17,3,1,"UTA, WSH, L.A",66%,"Average [52,81,50]",2,1,0,27,CBJ17
CBJ,18,4,0,"OTT, NYR, T.B, DET",40%,"Good [32,40,50,49]",0,1,0,23,CBJ18
CBJ,19,4,1,"SEA, VAN, EDM, CAR",41%,"Good [4,32,33,96]",2,4,0,19,CBJ19
CBJ,20,3,0,"PIT, STL, T.B",40%,"Good [57,22,50]",0,1,0,16,CBJ20
CBJ,21,4,1,"COL, PIT, TOR, PIT",58%,"Average [83,57,37,57]",2,3,0,12,CBJ21
CBJ,22,3,0,"MTL, N.J, MTL",17%,"Excellent [17,50,17]",2,1,0,9,CBJ22
CBJ,23,4,0,"COL, COL, NYI, OTT",59%,"Average [83,83,39,32]",2,2,0,5,CBJ23
CBJ,24,5,0,"BOS, CHI, UTA, PHI, NYI",29%,"Excellent [16,21,52,18,39]",2,4,0,0,CBJ24
CGY,1,3,1,"L.A, UTA, DAL",40%,"Good [50,52,29]",0,1,0,79,CGY1
CGY,2,3,0,"BUF, COL, BOS",48%,"Good [46,83,16]",0,2,0,76,CGY2
CGY,3,4,0,"UTA, CBJ, BOS, N.J",42%,"Good [52,58,16,50]",2,3,0,72,CGY3
CGY,4,3,1,"N.J, VGK, S.J",44%,"Good [50,44,50]",2,2,0,69,CGY4
CGY,5,3,0,"T.B, EDM, VAN",32%,"Good [50,33,32]",2,2,0,66,CGY5
CGY,6,3,1,"ANA, BUF, NYI",49%,"Good [61,46,39]",0,0,0,63,CGY6
CGY,7,3,0,"NYR, NSH, CHI",30%,"Excellent [40,28,21]",2,2,0,60,CGY7
CGY,8,3,0,"S.J, MIN, MTL",21%,"Excellent [50,25,17]",2,1,0,57,CGY8
CGY,9,4,0,"VAN, NYI, NYR, PHI",32%,"Good [32,39,40,18]",2,3,2,53,CGY9
CGY,10,3,0,"NSH, FLA, NSH",40%,"Good [28,63,28]",0,1,0,50,CGY10
CGY,11,3,1,"SEA, WPG, MIN",20%,"Excellent [4,32,25]",0,2,0,47,CGY11
CGY,12,2,0,"UTA, VGK",48%,"Good [52,44]",0,1,0,45,CGY12
CGY,13,4,1,"L.A, STL, CBJ, FLA",48%,"Good [50,22,58,63]",2,2,0,41,CGY13
CGY,14,3,0,"T.B, OTT, COL",58%,"Average [50,32,83]",0,1,0,38,CGY14
CGY,15,2,1,"TOR, NSH",32%,"Good [37,28]",0,0,0,36,CGY15
CGY,16,4,0,"WSH, ANA, PHI, TOR",49%,"Good [81,61,18,37]",0,1,0,32,CGY16
CGY,17,3,1,"OTT, MTL, DET",33%,"Good [32,17,49]",2,3,0,29,CGY17
CGY,18,5,0,"DET, S.J, UTA, MIN, CHI",37%,"Good [49,50,52,25,21]",2,1,0,24,CGY18
CGY,19,4,0,"L.A, ANA, DAL, MIN",38%,"Good [50,61,29,25]",2,3,0,20,CGY19
CGY,20,3,0,"EDM, SEA, WPG",23%,"Excellent [33,4,32]",0,2,0,17,CGY20
CGY,21,4,2,"PIT, DAL, CHI, WSH",47%,"Good [57,29,21,81]",0,2,0,13,CGY21
CGY,22,3,0,"PIT, WPG, WPG",40%,"Good [57,32,32]",0,2,0,10,CGY22
CGY,23,4,2,"CAR, VAN, DAL, STL",45%,"Good [96,32,29,22]",2,1,0,6,CGY23
CGY,24,6,0,"STL, CAR, VGK, EDM, CAR, SEA",49%,"Good [22,96,44,33,96,4]",2,3,0,0,CGY24
CHI,1,3,1,"FLA, BOS, MTL",32%,"Good [63,16,17]",0,2,0,79,CHI1
CHI,2,4,3,"UTA, STL, VAN, ANA",42%,"Good [52,22,32,61]",0,1,0,75,CHI2
CHI,3,2,0,"T.B, L.A",50%,"Good [50,50]",0,1,0,73,CHI3
CHI,4,3,0,"OTT, WPG, EDM",32%,"Good [32,32,33]",0,2,0,70,CHI4
CHI,5,4,3,"SEA, VAN, CAR, DET",45%,"Good [4,32,96,49]",0,4,0,66,CHI5
CHI,6,2,1,"N.J, TOR",37%,"Good [50,37]",0,0,0,64,CHI6
CHI,7,4,1,"CAR, SEA, BUF, CGY",46%,"Good [96,4,46,40]",2,1,0,60,CHI7
CHI,8,3,1,"MIN, NSH, ANA",38%,"Good [25,28,61]",0,0,0,57,CHI8
CHI,9,4,0,"VGK, L.A, L.A, ANA",52%,"Average [44,50,50,61]",2,4,2,53,CHI9
CHI,10,3,2,"NYR, STL, DET",37%,"Good [40,22,49]",2,1,0,50,CHI10
CHI,11,3,0,"TOR, MTL, OTT",29%,"Excellent [37,17,32]",0,3,0,47,CHI11
CHI,12,3,1,"PHI, DAL, PIT",35%,"Good [18,29,57]",2,1,0,44,CHI12
CHI,13,4,2,"NYI, DAL, WSH, VGK",48%,"Good [39,29,81,44]",2,1,0,40,CHI13
CHI,14,3,2,"STL, WSH, NSH",44%,"Good [22,81,28]",2,1,0,37,CHI14
CHI,15,3,0,"EDM, CAR, BOS",48%,"Good [33,96,16]",0,0,0,34,CHI15
CHI,16,4,0,"WPG, CBJ, T.B, FLA",51%,"Average [32,58,50,63]",2,1,0,30,CHI16
CHI,17,3,1,"MIN, PIT, COL",55%,"Average [25,57,83]",2,2,0,27,CHI17
CHI,18,5,0,"S.J, COL, NSH, CGY, UTA",51%,"Average [50,83,28,40,52]",2,4,0,22,CHI18
CHI,19,3,0,"WPG, VAN, DAL",31%,"Good [32,32,29]",1,2,0,19,CHI19
CHI,20,3,1,"UTA, UTA, VGK",49%,"Good [52,52,44]",1,2,0,16,CHI20
CHI,21,4,1,"MIN, MIN, CGY, NSH",30%,"Excellent [25,25,40,28]",2,1,0,12,CHI21
CHI,22,4,1,"NYI, PHI, NYR, N.J",32%,"Good [39,18,40,50]",2,4,0,8,CHI22
CHI,23,3,0,"WPG, EDM, SEA",23%,"Excellent [32,33,4]",0,2,0,5,CHI23
CHI,24,5,1,"S.J, CBJ, STL, BUF, S.J",42%,"Good [50,58,22,46,50]",0,1,0,0,CHI24
COL,1,2,0,"NSH, MIN",26%,"Excellent [28,25]",0,2,0,80,COL1
COL,2,3,0,"N.J, CGY, T.B",40%,"Good [50,40,50]",0,0,0,77,COL2
COL,3,3,1,"DAL, WSH, PIT",56%,"Average [29,81,57]",2,2,0,74,COL3
COL,4,4,2,"BUF, TOR, STL, NYI",36%,"Good [46,37,22,39]",4,2,0,70,COL4
COL,5,2,1,"CAR, VAN",64%,"Average [96,32]",0,2,0,68,COL5
COL,6,4,1,"EDM, SEA, EDM, NYR",28%,"Excellent [33,4,33,40]",2,2,0,64,COL6
COL,7,4,0,"MTL, WPG, TOR, DET",34%,"Good [17,32,37,49]",2,3,0,60,COL7
COL,8,3,0,"WSH, TOR, PIT",58%,"Average [81,37,57]",0,1,0,57,COL8
COL,9,4,1,"N.J, DET, FLA, WSH",64%,"Average [50,49,63,81]",2,3,2,53,COL9
COL,10,3,0,"CBJ, OTT, VGK",45%,"Good [58,32,44]",0,1,0,50,COL10
COL,11,3,0,"ANA, MIN, ANA",49%,"Good [61,25,61]",0,1,0,47,COL11
COL,12,2,2,"L.A, NYI",39%,"Good [50,39]",1,1,0,45,COL12
COL,13,4,1,"OTT, N.J, BUF, PIT",45%,"Good [32,50,46,57]",3,1,0,41,COL13
COL,14,4,1,"S.J, VGK, CGY, UTA",45%,"Good [50,44,40,52]",2,4,0,37,COL14
COL,15,3,0,"CAR, VAN, PIT",62%,"Average [96,32,57]",0,1,0,34,COL15
COL,16,3,0,"OTT, DAL, T.B",30%,"Excellent [32,29,50]",0,0,0,31,COL16
COL,17,4,3,"L.A, PHI, CHI, STL",20%,"Excellent [50,18,21,22]",2,2,0,27,COL17
COL,18,4,0,"N.J, CHI, BOS, NYI",25%,"Excellent [50,21,16,39]",2,2,0,23,COL18
COL,19,4,0,"NYR, NSH, FLA, UTA",46%,"Good [40,28,63,52]",2,1,0,19,COL19
COL,20,3,0,"T.B, FLA, PHI",40%,"Good [50,63,18]",0,3,0,16,COL20
COL,21,4,0,"CBJ, NYR, SEA, NYI",35%,"Good [58,40,4,39]",2,1,0,12,COL21
COL,22,4,0,"PHI, MTL, S.J, BOS",17%,"Excellent [18,17,50,16]",2,2,0,8,COL22
COL,23,3,0,"CBJ, CBJ, WPG",49%,"Good [58,58,32]",0,1,0,5,COL23
COL,24,5,0,"DET, BUF, MTL, BOS, WSH",42%,"Good [49,46,17,16,81]",2,3,0,0,COL24
DAL,1,2,0,"WPG, CGY",36%,"Good [32,40]",0,2,0,80,DAL1
DAL,2,3,0,"MIN, VAN, STL",26%,"Excellent [25,32,22]",0,1,0,77,DAL2
DAL,3,4,0,"COL, L.A, CBJ, NSH",56%,"Average [83,50,58,28]",2,1,0,73,DAL3
DAL,4,3,0,"WSH, T.B, FLA",72%,"Difficult [81,50,63]",0,2,0,70,DAL4
DAL,5,4,0,"EDM, ANA, NSH, SEA",32%,"Good [33,61,28,4]",2,1,0,66,DAL5
DAL,6,3,0,"OTT, MTL, PHI",22%,"Excellent [32,17,18]",0,2,0,63,DAL6
DAL,7,3,0,"NYI, VAN, CAR",56%,"Average [39,32,96]",0,2,0,60,DAL7
DAL,8,4,2,"EDM, SEA, UTA, OTT",30%,"Excellent [33,4,52,32]",2,2,0,56,DAL8
DAL,9,4,2,"NYR, N.J, S.J, PIT",48%,"Good [40,50,50,57]",2,2,1,52,DAL9
DAL,10,3,0,"WPG, MIN, FLA",40%,"Good [32,25,63]",0,2,0,49,DAL10
DAL,11,4,2,"L.A, S.J, ANA, TOR",49%,"Good [50,50,61,37]",2,2,0,45,DAL11
DAL,12,2,0,"DET, CHI",35%,"Good [49,21]",0,1,0,43,DAL12
DAL,13,3,1,"BUF, CHI, MTL",28%,"Excellent [46,21,17]",2,1,0,40,DAL13
DAL,14,3,1,"CBJ, WSH, S.J",70%,"Average [58,81,50]",2,3,0,37,DAL14
DAL,15,4,1,"L.A, ANA, UTA, T.B",56%,"Average [50,61,52,50]",2,3,0,33,DAL15
DAL,16,3,0,"BOS, COL, STL",40%,"Good [16,83,22]",2,1,0,30,DAL16
DAL,17,3,0,"STL, VGK, UTA",39%,"Good [22,44,52]",0,3,0,27,DAL17
DAL,18,4,0,"WPG, STL, SEA, NSH",22%,"Excellent [32,22,4,28]",0,0,0,23,DAL18
DAL,19,4,0,"VAN, CAR, CGY, CHI",47%,"Good [32,96,40,21]",2,2,0,19,DAL19
DAL,20,3,0,"VGK, EDM, DET",42%,"Good [44,33,49]",0,0,0,16,DAL20
DAL,21,4,1,"UTA, CGY, MIN, VGK",40%,"Good [52,40,25,44]",2,2,0,12,DAL21
DAL,22,4,0,"N.J, NYI, PIT, PHI",38%,"Good [50,39,57,18]",2,3,0,8,DAL22
DAL,23,3,0,"BOS, WPG, CGY",29%,"Excellent [16,32,40]",0,1,0,5,DAL23
DAL,24,5,0,"CAR, MIN, NYR, TOR, BUF",49%,"Good [96,25,40,37,46]",0,2,0,0,DAL24
DET,1,2,0,"MTL, TOR",27%,"Excellent [17,37]",0,0,0,80,DET1
DET,2,4,3,"TOR, FLA, T.B, EDM",44%,"Good [37,63,50,33]",0,1,0,76,DET2
DET,3,3,1,"BUF, NYI, STL",36%,"Good [46,39,22]",2,2,0,73,DET3
DET,4,4,2,"STL, L.A, ANA, S.J",42%,"Good [22,50,61,50]",2,4,0,69,DET4
DET,5,3,1,"VGK, NYR, CHI",35%,"Good [44,40,21]",0,1,0,66,DET5
DET,6,3,1,"ANA, BUF, NYR",49%,"Good [61,46,40]",2,1,0,63,DET6
DET,7,3,0,"SEA, NYI, COL",42%,"Good [4,39,83]",0,0,0,60,DET7
DET,8,4,0,"N.J, NSH, T.B, BOS",22%,"Excellent [50,28,50,16]",2,2,0,56,DET8
DET,9,3,0,"BOS, COL, SEA",34%,"Good [16,83,4]",0,2,1,53,DET9
DET,10,4,2,"VAN, CAR, EDM, CHI",46%,"Good [32,96,33,21]",2,4,0,49,DET10
DET,11,4,1,"NYI, UTA, WSH, WSH",63%,"Average [39,52,81,81]",4,1,0,45,DET11
DET,12,3,1,"DAL, CBJ, TOR",41%,"Good [29,58,37]",2,1,0,42,DET12
DET,13,3,0,"WPG, PIT, PIT",49%,"Good [32,57,57]",2,1,0,39,DET13
DET,14,3,1,"OTT, VAN, MTL",27%,"Excellent [32,32,17]",0,2,0,36,DET14
DET,15,4,2,"CBJ, BOS, S.J, OTT",35%,"Good [58,16,50,32]",2,1,0,32,DET15
DET,16,3,0,"TOR, MIN, WPG",31%,"Good [37,25,32]",2,3,0,29,DET16
DET,17,3,0,"L.A, WSH, CGY",60%,"Average [50,81,40]",0,0,0,26,DET17
DET,18,4,0,"CGY, UTA, OTT, CBJ",46%,"Good [40,52,32,58]",0,4,0,22,DET18
DET,19,4,1,"NSH, VGK, FLA, N.J",45%,"Good [28,44,63,50]",0,2,0,18,DET19
DET,20,3,0,"FLA, T.B, DAL",46%,"Good [63,50,29]",0,3,0,15,DET20
DET,21,3,1,"CAR, MTL, BOS",43%,"Good [96,17,16]",0,0,0,12,DET21
DET,22,3,1,"OTT, BUF, PHI",32%,"Good [32,46,18]",2,1,0,9,DET22
DET,23,4,0,"PIT, PHI, NYR, MIN",35%,"Good [57,18,40,25]",2,3,0,5,DET23
DET,24,5,0,"COL, PHI, N.J, T.B, FLA",55%,"Average [83,18,50,50,63]",0,2,0,0,DET24
EDM,1,2,1,"CAR, VAN",64%,"Average [96,32]",0,0,0,80,EDM1
EDM,2,4,1,"NYR, NYI, N.J, DET",43%,"Good [40,39,50,49]",2,4,0,76,EDM2
EDM,3,4,0,"OTT, MTL, SEA, VAN",21%,"Excellent [32,17,4,32]",2,3,0,72,EDM3
EDM,4,3,0,"UTA, NYR, CHI",38%,"Good [52,40,21]",0,0,0,69,EDM4
EDM,5,3,1,"STL, DAL, CGY",30%,"Excellent [22,29,40]",2,2,0,66,EDM5
EDM,6,4,2,"COL, PHI, COL, CBJ",60%,"Average [83,18,83,58]",2,3,0,62,EDM6
EDM,7,4,1,"BUF, WSH, T.B, FLA",63%,"Average [46,81,50,63]",2,4,0,58,EDM7
EDM,8,2,1,"DAL, SEA",16%,"Excellent [29,4]",0,1,0,56,EDM8
EDM,9,3,0,"MIN, SEA, WPG",20%,"Excellent [25,4,32]",0,0,1,53,EDM9
EDM,10,4,0,"BUF, DET, TOR, MTL",37%,"Good [46,49,37,17]",2,2,0,49,EDM10
EDM,11,4,0,"PIT, BOS, MIN, VGK",36%,"Good [57,16,25,44]",2,3,0,45,EDM11
EDM,12,2,0,"CAR, CAR",96%,"Difficult [96,96]",0,1,0,43,EDM12
EDM,13,3,0,"WPG, BOS, PHI",22%,"Excellent [32,16,18]",0,1,0,40,EDM13
EDM,14,3,0,"NSH, WPG, L.A",30%,"Excellent [28,32,50]",0,1,0,37,EDM14
EDM,15,5,1,"CHI, NSH, NYI, VAN, STL",28%,"Excellent [21,28,39,32,22]",4,3,0,32,EDM15
EDM,16,3,0,"N.J, PIT, WSH",69%,"Average [50,57,81]",0,0,0,29,EDM16
EDM,17,3,1,"ANA, S.J, MIN",43%,"Good [61,50,25]",0,0,0,26,EDM17
EDM,18,5,0,"TOR, CAR, ANA, L.A, S.J",65%,"Average [37,96,61,50,50]",4,4,0,21,EDM18
EDM,19,3,0,"OTT, CBJ, VGK",45%,"Good [32,58,44]",0,1,0,18,EDM19
EDM,20,4,1,"CGY, DAL, STL, NSH",30%,"Excellent [40,29,22,28]",2,3,0,14,EDM20
EDM,21,3,0,"S.J, FLA, T.B",63%,"Average [50,63,50]",0,0,0,11,EDM21
EDM,22,3,0,"UTA, VGK, ANA",52%,"Average [52,44,61]",0,2,0,8,EDM22
EDM,23,3,0,"SEA, CHI, VGK",23%,"Excellent [4,21,44]",0,0,0,5,EDM23
EDM,24,5,1,"UTA, S.J, L.A, CGY, VAN",41%,"Good [52,50,50,40,32]",2,3,0,0,EDM24
FLA,1,3,1,"CHI, PHI, OTT",24%,"Excellent [21,18,32]",0,0,0,79,FLA1
FLA,2,4,1,"PHI, DET, N.J, BUF",38%,"Good [18,49,50,46]",2,4,0,75,FLA2
FLA,3,3,0,"BOS, PIT, VGK",39%,"Good [16,57,44]",0,1,0,72,FLA3
FLA,4,2,0,"ANA, DAL",45%,"Good [61,29]",0,0,0,70,FLA4
FLA,5,3,0,"ANA, L.A, S.J",61%,"Average [61,50,50]",0,3,0,67,FLA5
FLA,6,3,1,"VGK, WSH, T.B",62%,"Average [44,81,50]",0,1,0,64,FLA6
FLA,7,3,0,"VAN, N.J, EDM",32%,"Good [32,50,33]",0,0,0,61,FLA7
FLA,8,3,0,"NSH, PHI, CAR",47%,"Good [28,18,96]",0,1,0,58,FLA8
FLA,9,4,0,"TOR, NSH, COL, NYI",47%,"Good [37,28,83,39]",2,0,2,54,FLA9
FLA,10,3,1,"UTA, CGY, DAL",40%,"Good [52,40,29]",2,3,0,51,FLA10
FLA,11,4,3,"T.B, L.A, CBJ, STL",40%,"Good [50,50,58,22]",2,1,0,47,FLA11
FLA,12,2,0,"CBJ, T.B",58%,"Average [58,50]",0,1,0,45,FLA12
FLA,13,4,3,"WSH, MTL, NYR, CGY",44%,"Good [81,17,40,40]",2,0,0,41,FLA13
FLA,14,3,0,"TOR, MTL, OTT",29%,"Excellent [37,17,32]",0,3,0,38,FLA14
FLA,15,3,1,"BUF, CBJ, WSH",62%,"Average [46,58,81]",2,3,0,35,FLA15
FLA,16,4,0,"S.J, WPG, MIN, CHI",26%,"Excellent [50,32,25,21]",2,3,0,31,FLA16
FLA,17,3,0,"UTA, STL, WPG",35%,"Good [52,22,32]",0,1,0,28,FLA17
FLA,18,6,1,"BUF, BOS, T.B, TOR, BUF, NYI",37%,"Good [46,16,50,37,46,39]",4,2,0,22,FLA18
FLA,19,3,0,"N.J, COL, DET",66%,"Average [50,83,49]",2,3,0,19,FLA19
FLA,20,3,0,"DET, COL, SEA",45%,"Good [49,83,4]",0,1,0,16,FLA20
FLA,21,3,1,"VAN, EDM, CAR",54%,"Average [32,33,96]",2,3,0,13,FLA21
FLA,22,4,0,"SEA, MIN, NYI, NYR",27%,"Excellent [4,25,39,40]",2,2,0,9,FLA22
FLA,23,4,0,"OTT, BOS, PIT, PIT",40%,"Good [32,16,57,57]",2,2,0,5,FLA23
FLA,24,5,0,"MTL, OTT, TOR, NYR, DET",35%,"Good [17,32,37,40,49]",0,3,0,0,FLA24
L.A,1,3,2,"CGY, VGK, WPG",39%,"Good [40,44,32]",2,2,0,79,L.A1
L.A,2,3,0,"MIN, PIT, CBJ",47%,"Good [25,57,58]",0,1,0,76,L.A2
L.A,3,4,0,"STL, DAL, NSH, CHI",25%,"Excellent [22,29,28,21]",2,4,0,72,L.A3
L.A,4,3,0,"S.J, DET, N.J",49%,"Good [50,49,50]",0,1,0,69,L.A4
L.A,5,3,0,"WPG, FLA, PIT",51%,"Average [32,63,57]",0,1,0,66,L.A5
L.A,6,3,0,"MTL, TOR, OTT",29%,"Excellent [17,37,32]",0,3,0,63,L.A6
L.A,7,3,1,"WSH, S.J, BOS",48%,"Good [81,50,16]",2,2,0,60,L.A7
L.A,8,3,0,"OTT, ANA, VAN",42%,"Good [32,61,32]",2,1,0,57,L.A8
L.A,9,3,0,"WSH, CHI, CHI",41%,"Good [81,21,21]",0,0,1,54,L.A9
L.A,10,3,2,"UTA, SEA, CAR",51%,"Average [52,4,96]",0,2,0,51,L.A10
L.A,11,3,2,"DAL, FLA, T.B",46%,"Good [29,63,50]",2,3,0,48,L.A11
L.A,12,3,1,"COL, SEA, ANA",49%,"Good [83,4,61]",2,0,0,45,L.A12
L.A,13,3,0,"CGY, T.B, MIN",32%,"Good [40,50,25]",0,1,0,42,L.A13
L.A,14,4,3,"MIN, S.J, WPG, EDM",30%,"Excellent [25,50,32,33]",2,2,0,38,L.A14
L.A,15,4,2,"DAL, VGK, ANA, ANA",49%,"Good [29,44,61,61]",2,1,0,34,L.A15
L.A,16,2,0,"NYR, STL",31%,"Good [40,22]",0,1,0,32,L.A16
L.A,17,5,2,"COL, DET, BUF, PHI, CBJ",51%,"Average [83,49,46,18,58]",4,5,0,27,L.A17
L.A,18,5,0,"SEA, VGK, VGK, EDM, CAR",44%,"Good [4,44,44,33,96]",4,1,0,22,L.A18
L.A,19,3,0,"CGY, NYI, MTL",32%,"Good [40,39,17]",0,0,0,19,L.A19
L.A,20,3,1,"BOS, NYI, N.J",28%,"Excellent [16,39,50]",2,3,0,16,L.A20
L.A,21,4,1,"NYR, PHI, BUF, UTA",39%,"Good [40,18,46,52]",2,2,0,12,L.A21
L.A,22,3,0,"CAR, VAN, UTA",60%,"Average [96,32,52]",0,2,0,9,L.A22
L.A,23,3,1,"STL, NSH, TOR",29%,"Excellent [22,28,37]",2,0,0,6,L.A23
L.A,24,6,1,"NSH, VAN, EDM, SEA, VAN, CAR",38%,"Good [28,32,33,4,32,96]",2,3,0,0,L.A24
MIN,1,2,0,"STL, COL",52%,"Average [22,83]",0,1,0,80,MIN1
MIN,2,4,1,"L.A, DAL, WSH, PHI",43%,"Good [50,29,81,18]",4,3,0,76,MIN2
MIN,3,4,2,"NYR, N.J, UTA, S.J",46%,"Good [40,50,52,50]",2,2,0,72,MIN3
MIN,4,3,0,"WPG, PIT, VAN",40%,"Good [32,57,32]",0,0,0,69,MIN4
MIN,5,4,1,"NSH, CBJ, NYI, CAR",55%,"Average [28,58,39,96]",2,2,0,65,MIN5
MIN,6,3,1,"S.J, ANA, VGK",52%,"Average [50,61,44]",2,0,0,62,MIN6
MIN,7,3,2,"CBJ, PIT, WPG",49%,"Good [58,57,32]",0,2,0,59,MIN7
MIN,8,3,0,"CHI, CGY, BUF",36%,"Good [21,40,46]",2,1,0,56,MIN8
MIN,9,3,0,"EDM, CAR, VAN",54%,"Average [33,96,32]",0,3,1,53,MIN9
MIN,10,4,1,"SEA, DAL, OTT, BOS",20%,"Excellent [4,29,32,16]",2,1,0,49,MIN10
MIN,11,4,0,"WSH, COL, EDM, CGY",59%,"Average [81,83,33,40]",2,1,0,45,MIN11
MIN,12,2,0,"NSH, WPG",30%,"Excellent [28,32]",0,1,0,43,MIN12
MIN,13,4,1,"VGK, S.J, ANA, L.A",52%,"Average [44,50,61,50]",2,4,0,39,MIN13
MIN,14,3,1,"L.A, SEA, NYI",22%,"Excellent [50,4,39]",0,2,0,36,MIN14
MIN,15,3,0,"N.J, WPG, BUF",39%,"Good [50,32,46]",0,1,0,33,MIN15
MIN,16,4,0,"TOR, MTL, DET, FLA",42%,"Good [37,17,49,63]",2,2,0,29,MIN16
MIN,17,3,0,"CHI, CAR, EDM",50%,"Good [21,96,33]",0,1,0,26,MIN17
MIN,18,5,1,"MTL, NSH, CGY, UTA, STL",32%,"Good [17,28,40,52,22]",2,3,0,21,MIN18
MIN,19,3,0,"T.B, VGK, CGY",42%,"Good [50,44,40]",0,2,0,18,MIN19
MIN,20,4,0,"UTA, PHI, NYR, TOR",37%,"Good [52,18,40,37]",2,0,0,14,MIN20
MIN,21,3,0,"CHI, CHI, DAL",24%,"Excellent [21,21,29]",0,1,0,11,MIN21
MIN,22,3,0,"T.B, FLA, BOS",40%,"Good [50,63,16]",0,3,0,8,MIN22
MIN,23,3,0,"VAN, OTT, DET",38%,"Good [32,32,49]",2,2,0,5,MIN23
MIN,24,5,0,"SEA, DAL, NSH, STL, ANA",29%,"Excellent [4,29,28,22,61]",2,3,0,0,MIN24
MTL,1,3,1,"TOR, DET, CHI",36%,"Good [37,49,21]",2,3,0,79,MTL1
MTL,2,3,0,"SEA, NSH, NYR",24%,"Excellent [4,28,40]",0,0,0,76,MTL2
MTL,3,4,2,"BUF, CAR, EDM, VAN",52%,"Average [46,96,33,32]",2,3,0,72,MTL3
MTL,4,2,0,"SEA, OTT",18%,"Excellent [4,32]",0,1,0,70,MTL4
MTL,5,3,0,"PHI, N.J, UTA",35%,"Good [18,50,52]",0,1,0,67,MTL5
MTL,6,3,0,"L.A, DAL, BOS",22%,"Excellent [50,29,16]",0,0,0,64,MTL6
MTL,7,3,0,"COL, WSH, TOR",67%,"Average [83,81,37]",0,1,0,61,MTL7
MTL,8,3,0,"UTA, VGK, CGY",45%,"Good [52,44,40]",2,3,0,58,MTL8
MTL,9,4,1,"OTT, WPG, TOR, STL",31%,"Good [32,32,37,22]",4,1,2,54,MTL9
MTL,10,4,0,"T.B, PIT, NYR, EDM",43%,"Good [50,57,40,33]",2,2,0,50,MTL10
MTL,11,4,0,"PHI, CHI, PIT, PIT",38%,"Good [18,21,57,57]",2,1,0,46,MTL11
MTL,12,2,1,"BOS, T.B",16%,"Excellent [16,50]",0,2,0,44,MTL12
MTL,13,4,2,"FLA, CBJ, STL, DAL",43%,"Good [63,58,22,29]",2,4,0,40,MTL13
MTL,14,3,1,"CAR, FLA, DET",69%,"Average [96,63,49]",2,0,0,37,MTL14
MTL,15,4,0,"VAN, WSH, BUF, OTT",48%,"Good [32,81,46,32]",2,3,0,33,MTL15
MTL,16,3,0,"MIN, BUF, BOS",29%,"Excellent [25,46,16]",0,1,0,30,MTL16
MTL,17,3,0,"VGK, CGY, BUF",43%,"Good [44,40,46]",0,1,0,27,MTL17
MTL,18,4,0,"MIN, WPG, NYI, WSH",44%,"Good [25,32,39,81]",0,2,0,23,MTL18
MTL,19,3,0,"S.J, ANA, L.A",61%,"Average [50,61,50]",2,3,0,20,MTL19
MTL,20,4,1,"TOR, OTT, S.J, ANA",43%,"Good [37,32,50,61]",4,1,0,16,MTL20
MTL,21,3,0,"BOS, DET, NYI",35%,"Good [16,49,39]",0,1,0,13,MTL21
MTL,22,4,0,"CBJ, COL, NSH, CBJ",57%,"Average [58,83,28,58]",2,2,0,9,MTL22
MTL,23,4,0,"T.B, NYR, N.J, N.J",40%,"Good [50,40,50,50]",2,3,0,5,MTL23
MTL,24,5,0,"FLA, T.B, COL, NYI, PHI",51%,"Average [63,50,83,39,18]",2,2,0,0,MTL24
N.J,1,2,0,"CBJ, T.B",58%,"Average [58,50]",0,2,0,80,N.J1
N.J,2,3,0,"COL, FLA, EDM",60%,"Average [83,63,33]",0,1,0,77,N.J2
N.J,3,4,2,"TOR, MIN, S.J, CGY",34%,"Good [37,25,50,40]",2,1,0,73,N.J3
N.J,4,4,1,"CGY, S.J, L.A, ANA",50%,"Good [40,50,50,61]",2,4,0,69,N.J4
N.J,5,2,0,"MTL, PIT",37%,"Good [17,57]",0,0,0,67,N.J5
N.J,6,3,2,"NYI, CHI, WSH",47%,"Good [39,21,81]",0,2,0,64,N.J6
N.J,7,3,0,"T.B, FLA, PHI",40%,"Good [50,63,18]",0,3,0,61,N.J7
N.J,8,4,0,"DET, STL, BUF, PHI",34%,"Good [49,22,46,18]",2,1,0,57,N.J8
N.J,9,4,3,"COL, DAL, VGK, BOS",43%,"Good [83,29,44,16]",2,1,1,53,N.J9
N.J,10,4,0,"OTT, T.B, ANA, VAN",42%,"Good [32,50,61,32]",2,1,0,49,N.J10
N.J,11,3,2,"VGK, UTA, BUF",47%,"Good [44,52,46]",0,2,0,46,N.J11
N.J,12,2,0,"NYI, WSH",60%,"Average [39,81]",0,1,0,44,N.J12
N.J,13,4,2,"TOR, COL, UTA, CBJ",58%,"Average [37,83,52,58]",4,2,0,40,N.J13
N.J,14,3,1,"NYI, PIT, WPG",43%,"Good [39,57,32]",1,3,0,37,N.J14
N.J,15,3,1,"MIN, SEA, CBJ",29%,"Excellent [25,4,58]",1,1,0,34,N.J15
N.J,16,4,0,"CAR, EDM, VAN, SEA",41%,"Good [96,33,32,4]",2,4,0,30,N.J16
N.J,17,3,0,"WPG, NSH, OTT",31%,"Good [32,28,32]",0,1,0,27,N.J17
N.J,18,5,0,"COL, NYI, BUF, PIT, STL",49%,"Good [83,39,46,57,22]",2,2,0,22,N.J18
N.J,19,4,1,"FLA, TOR, NYR, DET",47%,"Good [63,37,40,49]",4,0,0,18,N.J19
N.J,20,2,0,"CAR, L.A",96%,"Difficult [96,50]",0,0,0,16,N.J20
N.J,21,3,2,"BOS, NYR, WSH",46%,"Good [16,40,81]",0,2,0,13,N.J21
N.J,22,4,0,"DAL, NSH, CBJ, CHI",34%,"Good [29,28,58,21]",2,3,0,9,N.J22
N.J,23,4,0,"NYR, WSH, MTL, MTL",39%,"Good [40,81,17,17]",2,2,0,5,N.J23
N.J,24,5,0,"PHI, PIT, DET, OTT, BOS",34%,"Good [18,57,49,32,16]",2,2,0,0,N.J24
NSH,1,2,0,"COL, UTA",68%,"Average [83,52]",0,0,0,80,NSH1
NSH,2,4,0,"OTT, TOR, MTL, WPG",30%,"Excellent [32,37,17,32]",2,4,0,76,NSH2
NSH,3,4,0,"ANA, VAN, L.A, DAL",41%,"Good [61,32,50,29]",2,0,0,72,NSH3
NSH,4,3,0,"T.B, PHI, CAR",57%,"Average [50,18,96]",0,1,0,69,NSH4
NSH,5,4,1,"VAN, MIN, PHI, DAL",26%,"Excellent [32,25,18,29]",2,1,0,65,NSH5
NSH,6,3,3,"NYR, PIT, PIT",51%,"Average [40,57,57]",0,2,0,62,NSH6
NSH,7,1,0,CGY,40%,Good [40],0,0,0,61,NSH7
NSH,8,4,0,"FLA, DET, CHI, WPG",41%,"Good [63,49,21,32]",2,2,0,57,NSH8
NSH,9,3,0,"CAR, FLA, CBJ",72%,"Difficult [96,63,58]",0,2,1,54,NSH9
NSH,10,3,0,"CGY, STL, CGY",34%,"Good [40,22,40]",0,1,0,51,NSH10
NSH,11,4,2,"STL, CBJ, TOR, NYR",39%,"Good [22,58,37,40]",2,1,0,47,NSH11
NSH,12,2,0,"MIN, STL",24%,"Excellent [25,22]",0,2,0,45,NSH12
NSH,13,4,0,"UTA, VGK, SEA, CAR",49%,"Good [52,44,4,96]",2,4,0,41,NSH13
NSH,14,4,1,"EDM, NYI, CHI, WSH",44%,"Good [33,39,21,81]",2,1,0,37,NSH14
NSH,15,3,1,"EDM, CGY, VGK",39%,"Good [33,40,44]",2,2,0,34,NSH15
NSH,16,3,0,"BUF, OTT, UTA",43%,"Good [46,32,52]",0,0,0,31,NSH16
NSH,17,3,0,"BOS, N.J, NYI",28%,"Excellent [16,50,39]",0,3,0,28,NSH17
NSH,18,5,0,"STL, MIN, WSH, CHI, DAL",36%,"Good [22,25,81,21,29]",2,2,0,23,NSH18
NSH,19,4,0,"DET, COL, BOS, BUF",48%,"Good [49,83,16,46]",2,2,0,19,NSH19
NSH,20,3,0,"SEA, VAN, EDM",23%,"Excellent [4,32,33]",0,3,0,16,NSH20
NSH,21,4,0,"WPG, SEA, VGK, CHI",25%,"Excellent [32,4,44,21]",2,2,0,12,NSH21
NSH,22,4,0,"S.J, N.J, MTL, T.B",17%,"Excellent [50,50,17,50]",2,1,0,8,NSH22
NSH,23,2,0,"L.A, S.J",50%,"Good [50,50]",0,2,0,6,NSH23
NSH,24,6,1,"L.A, ANA, UTA, MIN, S.J, ANA",50%,"Good [50,61,52,25,50,61]",2,3,0,0,NSH24
NYI,1,2,0,"PIT, WSH",69%,"Average [57,81]",0,1,0,80,NYI1
NYI,2,3,0,"WPG, EDM, OTT",32%,"Good [32,33,32]",0,1,0,77,NYI2
NYI,3,3,0,"S.J, DET, PHI",34%,"Good [50,49,18]",0,1,0,74,NYI3
NYI,4,4,2,"BOS, CBJ, WSH, COL",60%,"Average [16,58,81,83]",2,3,0,70,NYI4
NYI,5,3,1,"BOS, MIN, NYR",27%,"Excellent [16,25,40]",2,1,0,67,NYI5
NYI,6,4,3,"N.J, VGK, UTA, CGY",45%,"Good [50,44,52,40]",2,4,0,63,NYI6
NYI,7,4,0,"DAL, DET, STL, SEA",26%,"Excellent [29,49,22,4]",2,2,0,59,NYI7
NYI,8,3,1,"BOS, PHI, WSH",38%,"Good [16,18,81]",0,0,0,56,NYI8
NYI,9,4,0,"T.B, CGY, T.B, FLA",52%,"Average [50,40,50,63]",2,2,2,52,NYI9
NYI,10,3,0,"VGK, ANA, T.B",52%,"Average [44,61,50]",0,0,0,49,NYI10
NYI,11,3,1,"DET, VAN, BUF",42%,"Good [49,32,46]",2,2,0,46,NYI11
NYI,12,3,1,"N.J, NYR, COL",62%,"Average [50,40,83]",2,1,0,43,NYI12
NYI,13,3,1,"CHI, UTA, TOR",37%,"Good [21,52,37]",0,1,0,40,NYI13
NYI,14,3,0,"N.J, NSH, MIN",26%,"Excellent [50,28,25]",0,2,0,37,NYI14
NYI,15,3,0,"WPG, EDM, CAR",54%,"Average [32,33,96]",0,3,0,34,NYI15
NYI,16,3,0,"VAN, SEA, BUF",27%,"Excellent [32,4,46]",0,2,0,31,NYI16
NYI,17,4,2,"PHI, NYR, NYR, NSH",32%,"Good [18,40,40,28]",2,2,0,27,NYI17
NYI,18,6,0,"WSH, PIT, N.J, MTL, COL, FLA",60%,"Average [81,57,50,17,83,63]",4,4,0,21,NYI18
NYI,19,3,1,"ANA, L.A, S.J",61%,"Average [61,50,50]",2,3,0,18,NYI19
NYI,20,3,1,"STL, L.A, CAR",59%,"Average [22,50,96]",2,1,0,15,NYI20
NYI,21,4,0,"TOR, OTT, MTL, COL",42%,"Good [37,32,17,83]",2,3,0,11,NYI21
NYI,22,3,0,"CHI, DAL, FLA",38%,"Good [21,29,63]",0,0,0,8,NYI22
NYI,23,4,2,"PIT, BUF, PHI, CBJ",45%,"Good [57,46,18,58]",4,2,0,4,NYI23
NYI,24,4,0,"TOR, OTT, MTL, CBJ",36%,"Good [37,32,17,58]",2,0,0,0,NYI24
NYR,1,4,2,"PIT, BUF, PIT, WSH",60%,"Average [57,46,57,81]",2,2,0,78,NYR1
NYR,2,3,0,"EDM, TOR, MTL",29%,"Excellent [33,37,17]",0,2,0,75,NYR2
NYR,3,3,1,"MIN, S.J, CAR",60%,"Average [25,50,96]",0,1,0,72,NYR3
NYR,4,3,0,"VAN, EDM, SEA",23%,"Excellent [32,33,4]",0,3,0,69,NYR4
NYR,5,3,1,"CBJ, DET, NYI",49%,"Good [58,49,39]",2,1,0,66,NYR5
NYR,6,4,3,"NSH, T.B, COL, DET",53%,"Average [28,50,83,49]",2,2,0,62,NYR6
NYR,7,3,0,"VGK, CGY, UTA",45%,"Good [44,40,52]",0,3,0,59,NYR7
NYR,8,4,0,"STL, CBJ, BOS, T.B",32%,"Good [22,58,16,50]",2,2,0,55,NYR8
NYR,9,4,0,"DAL, OTT, CGY, VGK",36%,"Good [29,32,40,44]",2,1,2,51,NYR9
NYR,10,2,1,"CHI, MTL",19%,"Excellent [21,17]",0,1,0,49,NYR10
NYR,11,5,1,"ANA, VAN, STL, PHI, NSH",32%,"Good [61,32,22,18,28]",4,2,0,44,NYR11
NYR,12,2,0,"WSH, NYI",60%,"Average [81,39]",0,2,0,42,NYR12
NYR,13,3,1,"CBJ, WSH, FLA",67%,"Average [58,81,63]",0,3,0,39,NYR13
NYR,14,3,1,"UTA, BUF, BOS",38%,"Good [52,46,16]",0,1,0,36,NYR14
NYR,15,3,1,"SEA, OTT, PHI",18%,"Excellent [4,32,18]",0,1,0,33,NYR15
NYR,16,3,0,"ANA, L.A, S.J",61%,"Average [61,50,50]",2,3,0,30,NYR16
NYR,17,4,2,"BOS, NYI, NYI, PIT",38%,"Good [16,39,39,57]",2,2,0,26,NYR17
NYR,18,3,0,"CBJ, PHI, PIT",44%,"Good [58,18,57]",0,0,0,23,NYR18
NYR,19,3,0,"COL, TOR, N.J",60%,"Average [83,37,50]",0,1,0,20,NYR19
NYR,20,4,1,"PHI, CAR, WPG, MIN",43%,"Good [18,96,32,25]",2,3,0,16,NYR20
NYR,21,4,1,"L.A, N.J, COL, WPG",58%,"Average [50,50,83,32]",3,1,0,12,NYR21
NYR,22,4,3,"OTT, TOR, CHI, FLA",38%,"Good [32,37,21,63]",1,1,0,8,NYR22
NYR,23,4,0,"N.J, MTL, DET, WSH",49%,"Good [50,17,49,81]",2,0,0,4,NYR23
NYR,24,4,1,"BUF, DAL, FLA, T.B",46%,"Good [46,29,63,50]",0,3,0,0,NYR24
OTT,1,2,0,"T.B, FLA",63%,"Average [50,63]",0,2,0,80,OTT1
OTT,2,4,1,"NSH, BUF, SEA, NYI",29%,"Excellent [28,46,4,39]",2,1,0,76,OTT2
OTT,3,3,0,"EDM, PHI, WSH",44%,"Good [33,18,81]",0,1,0,73,OTT3
OTT,4,4,1,"BOS, CHI, CAR, MTL",38%,"Good [16,21,96,17]",2,2,0,69,OTT4
OTT,5,3,0,"BOS, PHI, UTA",29%,"Excellent [16,18,52]",2,2,0,66,OTT5
OTT,6,3,0,"DAL, BOS, L.A",22%,"Excellent [29,16,50]",0,0,0,63,OTT6
OTT,7,2,0,"ANA, S.J",61%,"Average [61,50]",0,2,0,61,OTT7
OTT,8,4,1,"L.A, VGK, STL, DAL",32%,"Good [50,44,22,29]",0,4,0,57,OTT8
OTT,9,3,0,"MTL, NYR, STL",26%,"Excellent [17,40,22]",0,1,1,54,OTT9
OTT,10,3,0,"N.J, COL, MIN",54%,"Average [50,83,25]",0,2,0,51,OTT10
OTT,11,4,1,"WPG, PIT, CHI, BOS",32%,"Good [32,57,21,16]",2,2,0,47,OTT11
OTT,12,2,0,"BUF, TOR",42%,"Good [46,37]",0,1,0,45,OTT12
OTT,13,3,0,"COL, WSH, WPG",65%,"Average [83,81,32]",0,0,0,42,OTT13
OTT,14,4,2,"DET, UTA, CGY, FLA",51%,"Average [49,52,40,63]",2,2,0,38,OTT14
OTT,15,4,2,"VAN, NYR, MTL, DET",34%,"Good [32,40,17,49]",4,2,0,34,OTT15
OTT,16,4,0,"COL, NSH, CBJ, VGK",53%,"Average [83,28,58,44]",2,2,0,30,OTT16
OTT,17,2,1,"CGY, N.J",40%,"Good [40,50]",0,0,0,28,OTT17
OTT,18,5,0,"PIT, CBJ, PHI, DET, TOR",44%,"Good [57,58,18,49,37]",2,4,0,23,OTT18
OTT,19,3,0,"EDM, CAR, SEA",44%,"Good [33,96,4]",0,3,0,20,OTT19
OTT,20,4,2,"VAN, MTL, ANA, S.J",37%,"Good [32,17,61,50]",2,1,0,16,OTT20
OTT,21,3,0,"WSH, NYI, TOR",52%,"Average [81,39,37]",2,1,0,13,OTT21
OTT,22,4,1,"NYR, DET, PIT, T.B",49%,"Good [40,49,57,50]",2,3,0,9,OTT22
OTT,23,4,0,"FLA, BUF, MIN, CBJ",48%,"Good [63,46,25,58]",2,1,0,5,OTT23
OTT,24,5,0,"T.B, FLA, NYI, N.J, TOR",46%,"Good [50,63,39,50,37]",2,2,0,0,OTT24
PHI,1,2,0,"FLA, CBJ",60%,"Average [63,58]",0,2,0,80,PHI1
PHI,2,3,0,"FLA, WPG, MIN",40%,"Good [63,32,25]",0,0,0,77,PHI2
PHI,3,3,1,"SEA, OTT, NYI",25%,"Excellent [4,32,39]",0,1,0,74,PHI3
PHI,4,4,1,"PIT, NSH, TOR, CAR",54%,"Average [57,28,37,96]",2,0,0,70,PHI4
PHI,5,3,0,"MTL, NSH, OTT",26%,"Excellent [17,28,32]",0,2,0,67,PHI5
PHI,6,3,2,"EDM, STL, DAL",28%,"Excellent [33,22,29]",2,2,0,64,PHI6
PHI,7,2,0,"STL, N.J",22%,"Excellent [22,50]",0,0,0,62,PHI7
PHI,8,4,0,"T.B, FLA, NYI, N.J",51%,"Average [50,63,39,50]",2,4,0,58,PHI8
PHI,9,3,2,"PIT, BUF, CGY",48%,"Good [57,46,40]",0,0,1,55,PHI9
PHI,10,4,0,"S.J, VGK, CBJ, CBJ",53%,"Average [50,44,58,58]",2,1,0,51,PHI10
PHI,11,3,0,"MTL, BUF, NYR",34%,"Good [17,46,40]",0,3,0,48,PHI11
PHI,12,3,2,"VAN, CHI, SEA",19%,"Excellent [32,21,4]",2,2,0,45,PHI12
PHI,13,3,1,"VAN, CAR, EDM",54%,"Average [32,96,33]",2,3,0,42,PHI13
PHI,14,3,0,"ANA, TOR, T.B",49%,"Good [61,37,50]",0,0,0,39,PHI14
PHI,15,4,1,"T.B, BUF, PIT, NYR",48%,"Good [50,46,57,40]",2,2,0,35,PHI15
PHI,16,3,0,"VGK, UTA, CGY",45%,"Good [44,52,40]",0,3,0,32,PHI16
PHI,17,4,2,"NYI, COL, BOS, L.A",46%,"Good [39,83,16,50]",2,2,0,28,PHI17
PHI,18,5,0,"WSH, OTT, WSH, NYR, BOS",50%,"Good [81,32,81,40,16]",2,2,0,23,PHI18
PHI,19,3,0,"TOR, UTA, PIT",49%,"Good [37,52,57]",0,2,0,20,PHI19
PHI,20,4,2,"NYR, WSH, MIN, COL",57%,"Average [40,81,25,83]",2,1,0,16,PHI20
PHI,21,3,0,"ANA, L.A, S.J",61%,"Average [61,50,50]",2,3,0,13,PHI21
PHI,22,4,0,"COL, CHI, DET, DAL",46%,"Good [83,21,49,29]",2,1,0,9,PHI22
PHI,23,4,1,"WSH, DET, NYI, BOS",46%,"Good [81,49,39,16]",2,2,0,5,PHI23
PHI,24,5,0,"N.J, DET, WPG, CBJ, MTL",39%,"Good [50,49,32,58,17]",2,3,0,0,PHI24
PIT,1,3,1,"NYR, NYI, NYR",40%,"Good [40,39,40]",0,1,0,79,PIT1
PIT,2,3,0,"ANA, L.A, S.J",61%,"Average [61,50,50]",0,3,0,76,PIT2
PIT,3,3,0,"VAN, FLA, COL",59%,"Average [32,63,83]",0,1,0,73,PIT3
PIT,4,4,1,"STL, PHI, MIN, WPG",24%,"Excellent [22,18,25,32]",2,3,0,69,PIT4
PIT,5,4,1,"TOR, WSH, N.J, L.A",59%,"Average [37,81,50,50]",2,2,0,65,PIT5
PIT,6,2,2,"NSH, NSH",28%,"Excellent [28,28]",0,1,0,63,PIT6
PIT,7,2,1,"MIN, SEA",14%,"Excellent [25,4]",2,0,0,61,PIT7
PIT,8,3,0,"BUF, COL, TOR",55%,"Average [46,83,37]",2,1,0,58,PIT8
PIT,9,3,1,"PHI, T.B, DAL",24%,"Excellent [18,50,29]",0,3,1,55,PIT9
PIT,10,4,0,"ANA, MTL, S.J, UTA",43%,"Good [61,17,50,52]",2,0,0,51,PIT10
PIT,11,4,0,"EDM, OTT, MTL, MTL",25%,"Excellent [33,32,17,17]",2,2,0,47,PIT11
PIT,12,2,1,"TOR, CHI",29%,"Excellent [37,21]",0,2,0,45,PIT12
PIT,13,4,2,"CBJ, DET, DET, COL",60%,"Average [58,49,49,83]",2,2,0,41,PIT13
PIT,14,3,1,"N.J, CAR, BOS",56%,"Average [50,96,16]",2,1,0,38,PIT14
PIT,15,3,0,"T.B, PHI, COL",50%,"Good [50,18,83]",0,0,0,35,PIT15
PIT,16,4,0,"SEA, CAR, EDM, VAN",41%,"Good [4,96,33,32]",2,4,0,31,PIT16
PIT,17,2,0,"CHI, NYR",30%,"Excellent [21,40]",0,0,0,29,PIT17
PIT,18,6,0,"OTT, NYI, BUF, N.J, NYR, VGK",40%,"Good [32,39,46,50,40,44]",4,3,0,23,PIT18
PIT,19,4,0,"BOS, BUF, PHI, BOS",24%,"Excellent [16,46,18,16]",2,1,0,19,PIT19
PIT,20,3,0,"CBJ, VGK, UTA",51%,"Average [58,44,52]",0,3,0,16,PIT20
PIT,21,4,1,"CGY, CBJ, WPG, CBJ",47%,"Good [40,58,32,58]",2,2,0,12,PIT21
PIT,22,3,0,"CGY, OTT, DAL",34%,"Good [40,32,29]",0,1,0,9,PIT22
PIT,23,5,1,"NYI, DET, T.B, FLA, FLA",54%,"Average [39,49,50,63,63]",4,2,0,4,PIT23
PIT,24,4,0,"N.J, WSH, WSH, STL",61%,"Average [50,81,81,22]",2,3,0,0,PIT24
S.J,1,2,0,"VGK, ANA",52%,"Average [44,61]",0,0,0,80,S.J1
S.J,2,3,1,"CBJ, UTA, PIT",56%,"Average [58,52,57]",2,1,0,77,S.J2
S.J,3,4,1,"NYI, NYR, N.J, MIN",35%,"Good [39,40,50,25]",2,4,0,73,S.J3
S.J,4,4,1,"L.A, N.J, CGY, DET",44%,"Good [50,50,40,49]",2,0,0,69,S.J4
S.J,5,3,2,"SEA, WPG, FLA",33%,"Good [4,32,63]",2,1,0,66,S.J5
S.J,6,3,0,"MIN, CAR, SEA",42%,"Good [25,96,4]",0,3,0,63,S.J6
S.J,7,4,0,"UTA, L.A, OTT, BOS",33%,"Good [52,50,32,16]",2,0,0,59,S.J7
S.J,8,3,0,"CGY, VAN, VGK",39%,"Good [40,32,44]",2,2,0,56,S.J8
S.J,9,4,3,"UTA, WSH, DAL, CBJ",55%,"Average [52,81,29,58]",0,2,1,52,S.J9
S.J,10,3,0,"PHI, TOR, PIT",37%,"Good [18,37,57]",0,3,0,49,S.J10
S.J,11,3,0,"CAR, DAL, SEA",43%,"Good [96,29,4]",0,0,0,46,S.J11
S.J,12,2,0,"VGK, VAN",38%,"Good [44,32]",0,2,0,44,S.J12
S.J,13,3,0,"ANA, MIN, T.B",43%,"Good [61,25,50]",0,1,0,41,S.J13
S.J,14,4,2,"COL, L.A, DAL, VGK",52%,"Average [83,50,29,44]",4,1,0,37,S.J14
S.J,15,2,1,"WSH, DET",65%,"Average [81,49]",2,2,0,35,S.J15
S.J,16,3,0,"FLA, T.B, NYR",52%,"Average [63,50,40]",2,2,0,32,S.J16
S.J,17,3,0,"VAN, EDM, CAR",54%,"Average [32,33,96]",0,3,0,29,S.J17
S.J,18,5,0,"CHI, CGY, CAR, EDM, WPG",44%,"Good [21,40,96,33,32]",2,2,0,24,S.J18
S.J,19,3,0,"MTL, STL, NYI",26%,"Excellent [17,22,39]",2,0,0,21,S.J19
S.J,20,4,0,"BUF, BOS, MTL, OTT",28%,"Excellent [46,16,17,32]",2,4,0,17,S.J20
S.J,21,3,0,"EDM, BUF, PHI",32%,"Good [33,46,18]",0,1,0,14,S.J21
S.J,22,3,0,"NSH, STL, COL",44%,"Good [28,22,83]",0,3,0,11,S.J22
S.J,23,4,2,"STL, ANA, TOR, NSH",37%,"Good [22,61,37,28]",2,0,0,7,S.J23
S.J,24,7,2,"CHI, EDM, ANA, VAN, NSH, CHI, WPG",33%,"Good [21,33,61,32,28,21,32]",4,4,0,0,S.J24
SEA,1,2,0,"ANA, VGK",52%,"Average [61,44]",0,0,0,80,SEA1
SEA,2,3,0,"MTL, OTT, TOR",29%,"Excellent [17,32,37]",0,3,0,77,SEA2
SEA,3,4,1,"PHI, WSH, WPG, EDM",41%,"Good [18,81,32,33]",2,3,0,73,SEA3
SEA,4,2,0,"MTL, NYR",28%,"Excellent [17,40]",0,0,0,71,SEA4
SEA,5,4,2,"CHI, S.J, STL, DAL",24%,"Excellent [21,50,22,29]",2,2,0,67,SEA5
SEA,6,3,0,"COL, WPG, S.J",58%,"Average [83,32,50]",0,0,0,64,SEA6
SEA,7,4,0,"DET, CHI, PIT, NYI",42%,"Good [49,21,57,39]",2,4,0,60,SEA7
SEA,8,2,0,"DAL, EDM",31%,"Good [29,33]",0,0,0,58,SEA8
SEA,9,2,0,"EDM, DET",41%,"Good [33,49]",0,1,1,56,SEA9
SEA,10,4,3,"MIN, L.A, UTA, BUF",41%,"Good [25,50,52,46]",0,1,0,52,SEA10
SEA,11,3,0,"CGY, CAR, S.J",68%,"Average [40,96,50]",0,2,0,49,SEA11
SEA,12,3,2,"ANA, L.A, PHI",40%,"Good [61,50,18]",3,2,0,46,SEA12
SEA,13,3,1,"VAN, NSH, VAN",31%,"Good [32,28,32]",3,1,0,43,SEA13
SEA,14,4,1,"CAR, BOS, MIN, CBJ",49%,"Good [96,16,25,58]",2,2,0,39,SEA14
SEA,15,4,1,"NYR, N.J, BOS, UTA",36%,"Good [40,50,16,52]",2,4,0,35,SEA15
SEA,16,4,0,"PIT, NYI, ANA, N.J",52%,"Average [57,39,61,50]",0,0,0,31,SEA16
SEA,17,3,0,"WSH, TOR, VGK",54%,"Average [81,37,44]",0,1,0,28,SEA17
SEA,18,5,0,"ANA, L.A, DAL, STL, VAN",36%,"Good [61,50,29,22,32]",4,4,0,23,SEA18
SEA,19,3,1,"CBJ, STL, OTT",37%,"Good [58,22,32]",0,0,0,20,SEA19
SEA,20,4,0,"NSH, CGY, VAN, FLA",41%,"Good [28,40,32,63]",2,1,0,16,SEA20
SEA,21,3,0,"T.B, NSH, COL",56%,"Average [50,28,83]",0,2,0,13,SEA21
SEA,22,3,0,"FLA, T.B, BUF",54%,"Average [63,50,46]",0,3,0,10,SEA22
SEA,23,3,0,"EDM, UTA, CHI",35%,"Good [33,52,21]",0,1,0,7,SEA23
SEA,24,7,1,"WPG, MIN, VGK, CAR, L.A, VGK, CGY",47%,"Good [32,25,44,96,50,44,40]",4,4,0,0,SEA24
STL,1,2,0,"MIN, CAR",60%,"Average [25,96]",0,1,0,80,STL1
STL,2,3,1,"VAN, CHI, DAL",27%,"Excellent [32,21,29]",0,1,0,77,STL2
STL,3,3,0,"L.A, UTA, DET",50%,"Good [50,52,49]",0,1,0,74,STL3
STL,4,4,1,"PIT, DET, VAN, COL",55%,"Average [57,49,32,83]",2,2,0,70,STL4
STL,5,4,2,"EDM, WSH, BUF, SEA",41%,"Good [33,81,46,4]",2,2,0,66,STL5
STL,6,3,1,"CAR, PHI, VGK",53%,"Average [96,18,44]",2,0,0,63,STL6
STL,7,3,0,"TOR, PHI, NYI",31%,"Good [37,18,39]",0,3,0,60,STL7
STL,8,4,0,"NYR, N.J, OTT, UTA",41%,"Good [40,50,32,52]",2,2,0,56,STL8
STL,9,4,1,"ANA, BOS, OTT, MTL",32%,"Good [61,16,32,17]",2,3,2,52,STL9
STL,10,3,1,"BOS, NSH, CHI",22%,"Excellent [16,28,21]",2,1,0,49,STL10
STL,11,4,2,"NSH, WPG, NYR, FLA",41%,"Good [28,32,40,63]",2,1,0,45,STL11
STL,12,2,1,"T.B, NSH",28%,"Excellent [50,28]",0,1,0,43,STL12
STL,13,4,1,"BUF, CGY, VGK, MTL",37%,"Good [46,40,44,17]",2,1,0,39,STL13
STL,14,3,2,"CHI, UTA, VGK",39%,"Good [21,52,44]",2,3,0,36,STL14
STL,15,3,2,"CBJ, T.B, EDM",46%,"Good [58,50,33]",0,1,0,33,STL15
STL,16,3,0,"WPG, DAL, L.A",30%,"Excellent [32,29,50]",2,2,0,30,STL16
STL,17,3,0,"DAL, FLA, COL",58%,"Average [29,63,83]",0,0,0,27,STL17
STL,18,5,0,"NSH, DAL, SEA, N.J, MIN",22%,"Excellent [28,29,4,50,25]",2,3,0,22,STL18
STL,19,3,1,"SEA, S.J, ANA",32%,"Good [4,50,61]",0,3,0,19,STL19
STL,20,4,1,"NYI, CBJ, EDM, WPG",40%,"Good [39,58,33,32]",2,2,0,15,STL20
STL,21,2,0,"CAR, VAN",64%,"Average [96,32]",0,2,0,13,STL21
STL,22,3,0,"WSH, S.J, TOR",59%,"Average [81,50,37]",0,0,0,10,STL22
STL,23,4,3,"S.J, L.A, ANA, CGY",50%,"Good [50,50,61,40]",0,4,0,6,STL23
STL,24,6,0,"CGY, WPG, CHI, MIN, PIT, UTA",38%,"Good [40,32,21,25,57,52]",2,2,0,0,STL24
T.B,1,2,0,"OTT, N.J",32%,"Good [32,50]",0,0,0,80,T.B1
T.B,2,4,1,"BOS, WSH, DET, COL",57%,"Average [16,81,49,83]",4,4,0,76,T.B2
T.B,3,3,0,"CHI, ANA, VGK",42%,"Good [21,61,44]",2,0,0,73,T.B3
T.B,4,3,1,"NSH, DAL, UTA",36%,"Good [28,29,52]",0,2,0,70,T.B4
T.B,5,3,0,"CGY, VGK, WSH",55%,"Average [40,44,81]",0,2,0,67,T.B5
T.B,6,3,2,"NYR, FLA, VAN",45%,"Good [40,63,32]",2,1,0,64,T.B6
T.B,7,3,0,"N.J, EDM, WSH",57%,"Average [50,33,81]",0,1,0,61,T.B7
T.B,8,4,0,"PHI, CAR, DET, NYR",51%,"Average [18,96,49,40]",2,2,0,57,T.B8
T.B,9,3,0,"NYI, PIT, NYI",45%,"Good [39,57,39]",0,1,1,54,T.B9
T.B,10,4,1,"TOR, MTL, N.J, NYI",31%,"Good [37,17,50,39]",2,4,0,50,T.B10
T.B,11,3,1,"FLA, L.A, CBJ",60%,"Average [63,50,58]",0,0,0,47,T.B11
T.B,12,3,2,"STL, FLA, MTL",34%,"Good [22,63,17]",2,1,0,44,T.B12
T.B,13,3,0,"ANA, L.A, S.J",61%,"Average [61,50,50]",2,3,0,41,T.B13
T.B,14,2,0,"CGY, PHI",29%,"Excellent [40,18]",0,1,0,39,T.B14
T.B,15,4,2,"PHI, PIT, STL, DAL",32%,"Good [18,57,22,29]",2,4,0,35,T.B15
T.B,16,3,0,"S.J, CHI, COL",52%,"Average [50,21,83]",2,2,0,32,T.B16
T.B,17,3,2,"UTA, WPG, BOS",33%,"Good [52,32,16]",0,0,0,29,T.B17
T.B,18,5,0,"BUF, FLA, TOR, CBJ, BUF",50%,"Good [46,63,37,58,46]",2,1,0,24,T.B18
T.B,19,4,0,"MIN, WPG, TOR, BUF",35%,"Good [25,32,37,46]",2,4,0,20,T.B19
T.B,20,3,0,"COL, DET, CBJ",63%,"Average [83,49,58]",0,0,0,17,T.B20
T.B,21,4,0,"SEA, VAN, EDM, CAR",41%,"Good [4,32,33,96]",2,4,0,13,T.B21
T.B,22,4,0,"MIN, SEA, OTT, NSH",22%,"Excellent [25,4,32,28]",2,0,0,9,T.B22
T.B,23,3,0,"MTL, PIT, BOS",30%,"Excellent [17,57,16]",0,0,0,6,T.B23
T.B,24,6,1,"BUF, OTT, MTL, BOS, DET, NYR",33%,"Good [46,32,17,16,49,40]",2,4,0,0,T.B24
TOR,1,2,1,"MTL, DET",33%,"Good [17,49]",0,1,0,80,TOR1
TOR,2,4,0,"DET, NSH, NYR, SEA",30%,"Excellent [49,28,40,4]",2,0,0,76,TOR2
TOR,3,3,1,"N.J, BUF, BUF",46%,"Good [50,46,46]",2,1,0,73,TOR3
TOR,4,3,1,"CAR, COL, PHI",66%,"Average [96,83,18]",2,2,0,70,TOR4
TOR,5,4,2,"PIT, UTA, BOS, CBJ",46%,"Good [57,52,16,58]",2,0,0,66,TOR5
TOR,6,3,0,"BOS, L.A, CHI",18%,"Excellent [16,50,21]",0,2,0,63,TOR6
TOR,7,3,0,"STL, COL, MTL",41%,"Good [22,83,17]",0,1,0,60,TOR7
TOR,8,3,0,"COL, WSH, PIT",74%,"Difficult [83,81,57]",2,3,0,57,TOR8
TOR,9,3,0,"FLA, CBJ, MTL",46%,"Good [63,58,17]",0,2,1,54,TOR9
TOR,10,3,1,"T.B, S.J, EDM",33%,"Good [50,50,33]",0,0,0,51,TOR10
TOR,11,4,0,"CHI, WSH, NSH, DAL",40%,"Good [21,81,28,29]",2,3,0,47,TOR11
TOR,12,3,1,"PIT, OTT, DET",46%,"Good [57,32,49]",2,1,0,44,TOR12
TOR,13,3,1,"N.J, WPG, NYI",36%,"Good [50,32,39]",0,1,0,41,TOR13
TOR,14,3,0,"FLA, PHI, VAN",38%,"Good [63,18,32]",0,1,0,38,TOR14
TOR,15,4,0,"CGY, UTA, VGK, WPG",42%,"Good [40,52,44,32]",2,4,0,34,TOR15
TOR,16,4,0,"MIN, DET, VGK, CGY",40%,"Good [25,49,44,40]",0,0,0,30,TOR16
TOR,17,3,0,"BUF, SEA, VAN",27%,"Excellent [46,4,32]",0,2,0,27,TOR17
TOR,18,5,0,"CAR, EDM, T.B, FLA, OTT",56%,"Average [96,33,50,63,32]",4,4,0,22,TOR18
TOR,19,4,1,"PHI, N.J, NYR, T.B",29%,"Excellent [18,50,40,50]",2,2,0,18,TOR19
TOR,20,4,0,"MTL, ANA, BUF, MIN",37%,"Good [17,61,46,25]",2,3,0,14,TOR20
TOR,21,3,1,"NYI, CBJ, OTT",43%,"Good [39,58,32]",2,1,0,11,TOR21
TOR,22,3,1,"BOS, NYR, STL",26%,"Excellent [16,40,22]",2,2,0,8,TOR22
TOR,23,3,1,"ANA, S.J, L.A",61%,"Average [61,50,50]",0,3,0,5,TOR23
TOR,24,5,1,"WSH, NYI, FLA, DAL, OTT",49%,"Good [81,39,63,29,32]",2,2,0,0,TOR24
UTA,1,2,0,"CGY, NSH",34%,"Good [40,28]",0,2,0,80,UTA1
UTA,2,4,3,"CHI, CAR, S.J, BOS",44%,"Good [21,96,50,16]",0,1,0,76,UTA2
UTA,3,4,0,"CGY, STL, MIN, WPG",30%,"Excellent [40,22,25,32]",2,3,0,72,UTA3
UTA,4,2,1,"EDM, T.B",33%,"Good [33,50]",0,1,0,70,UTA4
UTA,5,4,1,"BUF, TOR, MTL, OTT",33%,"Good [46,37,17,32]",4,4,0,66,UTA5
UTA,6,2,2,"BUF, NYI",42%,"Good [46,39]",0,0,0,64,UTA6
UTA,7,4,0,"ANA, S.J, VGK, NYR",48%,"Good [61,50,44,40]",2,2,0,60,UTA7
UTA,8,4,0,"VGK, MTL, DAL, STL",28%,"Excellent [44,17,29,22]",2,2,0,56,UTA8
UTA,9,4,3,"S.J, ANA, VAN, CAR",63%,"Average [50,61,32,96]",2,4,1,52,UTA9
UTA,10,4,3,"L.A, FLA, SEA, PIT",41%,"Good [50,63,4,57]",0,1,0,48,UTA10
UTA,11,4,2,"BOS, DET, N.J, WPG",32%,"Good [16,49,50,32]",2,2,0,44,UTA11
UTA,12,1,0,CGY,40%,Good [40],0,1,0,43,UTA12
UTA,13,3,0,"NSH, NYI, N.J",34%,"Good [28,39,50]",0,2,0,40,UTA13
UTA,14,4,4,"NYR, OTT, STL, COL",44%,"Good [40,32,22,83]",0,1,0,36,UTA14
UTA,15,3,0,"TOR, DAL, SEA",23%,"Excellent [37,29,4]",0,0,0,33,UTA15
UTA,16,2,0,"PHI, NSH",23%,"Excellent [18,28]",0,1,0,31,UTA16
UTA,17,4,1,"T.B, FLA, CBJ, DAL",50%,"Good [50,63,58,29]",2,3,0,27,UTA17
UTA,18,5,1,"VAN, DET, CGY, MIN, CHI",33%,"Good [32,49,40,25,21]",0,0,0,22,UTA18
UTA,19,3,0,"WSH, PHI, COL",61%,"Average [81,18,83]",0,3,0,19,UTA19
UTA,20,4,1,"CHI, MIN, CHI, PIT",31%,"Good [21,25,21,57]",2,2,0,15,UTA20
UTA,21,4,2,"DAL, VGK, ANA, L.A",45%,"Good [29,44,61,50]",2,2,0,11,UTA21
UTA,22,3,0,"EDM, WSH, L.A",57%,"Average [33,81,50]",0,1,0,8,UTA22
UTA,23,2,0,"SEA, VAN",18%,"Excellent [4,32]",0,2,0,6,UTA23
UTA,24,6,0,"EDM, NSH, CBJ, CAR, WPG, STL",45%,"Good [33,28,58,96,32,22]",2,1,0,0,UTA24
VAN,1,2,0,"CAR, EDM",64%,"Average [96,33]",0,1,0,80,VAN1
VAN,2,4,2,"STL, DAL, CHI, WSH",38%,"Good [22,29,21,81]",2,3,0,76,VAN2
VAN,3,4,0,"PIT, NSH, MTL, EDM",34%,"Good [57,28,17,33]",2,2,0,72,VAN3
VAN,4,3,0,"NYR, STL, MIN",29%,"Excellent [40,22,25]",0,2,0,69,VAN4
VAN,5,4,2,"NSH, CHI, COL, CGY",43%,"Good [28,21,83,40]",2,1,0,65,VAN5
VAN,6,3,2,"WPG, CBJ, T.B",45%,"Good [32,58,50]",1,2,0,62,VAN6
VAN,7,3,0,"FLA, DAL, CAR",63%,"Average [63,29,96]",1,1,0,59,VAN7
VAN,8,3,0,"ANA, S.J, L.A",61%,"Average [61,50,50]",2,3,0,56,VAN8
VAN,9,3,1,"CGY, UTA, MIN",39%,"Good [40,52,25]",2,1,1,53,VAN9
VAN,10,3,1,"DET, BUF, N.J",48%,"Good [49,46,50]",0,1,0,50,VAN10
VAN,11,3,1,"NYR, NYI, BOS",32%,"Good [40,39,16]",2,3,0,47,VAN11
VAN,12,2,1,"PHI, S.J",18%,"Excellent [18,50]",0,1,0,45,VAN12
VAN,13,4,2,"SEA, PHI, SEA, BOS",10%,"Excellent [4,18,4,16]",4,1,0,41,VAN13
VAN,14,3,0,"BUF, DET, TOR",44%,"Good [46,49,37]",0,3,0,38,VAN14
VAN,15,4,0,"MTL, OTT, COL, EDM",41%,"Good [17,32,83,33]",2,3,0,34,VAN15
VAN,16,4,0,"NYI, WSH, N.J, PIT",59%,"Average [39,81,50,57]",0,0,0,30,VAN16
VAN,17,3,0,"S.J, ANA, TOR",49%,"Good [50,61,37]",0,0,0,27,VAN17
VAN,18,4,0,"UTA, VGK, WPG, SEA",33%,"Good [52,44,32,4]",0,3,0,23,VAN18
VAN,19,4,1,"DAL, CBJ, CHI, WPG",35%,"Good [29,58,21,32]",2,2,0,19,VAN19
VAN,20,3,1,"OTT, NSH, SEA",21%,"Excellent [32,28,4]",0,0,0,16,VAN20
VAN,21,3,0,"FLA, T.B, STL",42%,"Good [63,50,22]",0,0,0,13,VAN21
VAN,22,3,0,"ANA, L.A, CAR",78%,"Difficult [61,50,96]",0,1,0,10,VAN22
VAN,23,4,2,"VGK, CGY, MIN, UTA",40%,"Good [44,40,25,52]",2,3,0,6,VAN23
VAN,24,6,0,"VGK, L.A, S.J, ANA, L.A, EDM",46%,"Good [44,50,50,61,50,33]",2,4,0,0,VAN24
VGK,1,3,1,"L.A, S.J, SEA",4%,"Excellent [50,50,4]",2,2,0,79,VGK1
VGK,2,3,0,"CAR, BOS, CAR",69%,"Average [96,16,96]",0,1,0,76,VGK2
VGK,3,3,1,"CBJ, FLA, T.B",60%,"Average [58,63,50]",2,2,0,73,VGK3
VGK,4,2,1,"CBJ, CGY",49%,"Good [58,40]",0,1,0,71,VGK4
VGK,5,3,0,"DET, T.B, ANA",55%,"Average [49,50,61]",0,0,0,68,VGK5
VGK,6,4,2,"FLA, NYI, STL, MIN",37%,"Good [63,39,22,25]",2,2,0,64,VGK6
VGK,7,3,0,"NYR, UTA, ANA",51%,"Average [40,52,61]",0,2,0,61,VGK7
VGK,8,4,0,"UTA, OTT, MTL, S.J",34%,"Good [52,32,17,50]",2,1,0,57,VGK8
VGK,9,3,1,"CHI, N.J, NYR",30%,"Excellent [21,50,40]",0,2,1,54,VGK9
VGK,10,3,0,"NYI, PHI, COL",47%,"Good [39,18,83]",0,3,0,51,VGK10
VGK,11,3,1,"N.J, CAR, EDM",64%,"Average [50,96,33]",2,2,0,48,VGK11
VGK,12,2,0,"S.J, CGY",40%,"Good [50,40]",0,0,0,46,VGK12
VGK,13,4,2,"MIN, NSH, STL, CHI",24%,"Excellent [25,28,22,21]",0,2,0,42,VGK13
VGK,14,4,1,"WPG, COL, STL, S.J",46%,"Good [32,83,22,50]",2,2,0,38,VGK14
VGK,15,3,1,"L.A, TOR, NSH",32%,"Good [50,37,28]",2,1,0,35,VGK15
VGK,16,4,0,"PHI, BOS, TOR, OTT",26%,"Excellent [18,16,37,32]",2,3,0,31,VGK16
VGK,17,4,1,"MTL, DAL, SEA, ANA",28%,"Excellent [17,29,4,61]",2,2,0,27,VGK17
VGK,18,5,1,"VAN, L.A, L.A, WSH, PIT",57%,"Average [32,50,50,81,57]",2,3,0,22,VGK18
VGK,19,4,1,"BUF, DET, MIN, EDM",38%,"Good [46,49,25,33]",2,2,0,18,VGK19
VGK,20,3,0,"DAL, PIT, CHI",36%,"Good [29,57,21]",0,1,0,15,VGK20
VGK,21,4,0,"BUF, UTA, NSH, DAL",39%,"Good [46,52,28,29]",2,2,0,11,VGK21
VGK,22,3,0,"WPG, EDM, WSH",49%,"Good [32,33,81]",0,1,0,8,VGK22
VGK,23,3,1,"VAN, CAR, EDM",54%,"Average [32,96,33]",0,1,0,5,VGK23
VGK,24,5,0,"VAN, SEA, CGY, WPG, SEA",22%,"Excellent [32,4,40,32,4]",0,3,0,0,VGK24
WPG,1,2,0,"DAL, L.A",29%,"Excellent [29,50]",0,0,0,80,WPG1
WPG,2,3,0,"NYI, PHI, NSH",28%,"Excellent [39,18,28]",0,2,0,77,WPG2
WPG,3,4,2,"CAR, SEA, CAR, UTA",62%,"Average [96,4,96,52]",2,1,0,73,WPG3
WPG,4,3,0,"MIN, CHI, PIT",34%,"Good [25,21,57]",0,1,0,70,WPG4
WPG,5,3,1,"L.A, S.J, ANA",61%,"Average [50,50,61]",0,3,0,67,WPG5
WPG,6,3,0,"VAN, SEA, CAR",44%,"Good [32,4,96]",0,3,0,64,WPG6
WPG,7,3,1,"COL, CBJ, MIN",55%,"Average [83,58,25]",0,0,0,61,WPG7
WPG,8,3,0,"WSH, CBJ, NSH",56%,"Average [81,58,28]",2,3,0,58,WPG8
WPG,9,4,3,"BUF, MTL, BUF, EDM",36%,"Good [46,17,46,33]",2,3,1,54,WPG9
WPG,10,3,0,"DAL, BOS, WSH",42%,"Good [29,16,81]",0,0,0,51,WPG10
WPG,11,4,3,"OTT, STL, CGY, UTA",36%,"Good [32,22,40,52]",0,3,0,47,WPG11
WPG,12,1,0,MIN,25%,Excellent [25],0,0,0,46,WPG12
WPG,13,4,0,"EDM, DET, TOR, OTT",38%,"Good [33,49,37,32]",2,3,0,42,WPG13
WPG,14,4,2,"VGK, EDM, L.A, N.J",38%,"Good [44,33,50,50]",2,0,0,38,WPG14
WPG,15,3,0,"NYI, MIN, TOR",34%,"Good [39,25,37]",0,1,0,35,WPG15
WPG,16,4,0,"CHI, STL, FLA, DET",39%,"Good [21,22,63,49]",2,1,0,31,WPG16
WPG,17,3,0,"N.J, T.B, FLA",63%,"Average [50,50,63]",0,3,0,28,WPG17
WPG,18,5,1,"DAL, MTL, VAN, ANA, S.J",35%,"Good [29,17,32,61,50]",0,4,0,23,WPG18
WPG,19,3,0,"CHI, T.B, VAN",26%,"Excellent [21,50,32]",0,0,0,20,WPG19
WPG,20,4,0,"ANA, NYR, CGY, STL",41%,"Good [61,40,40,22]",2,0,0,16,WPG20
WPG,21,4,0,"NSH, BOS, PIT, NYR",35%,"Good [28,16,57,40]",2,3,0,12,WPG21
WPG,22,3,0,"VGK, CGY, CGY",41%,"Good [44,40,40]",0,1,0,9,WPG22
WPG,23,3,0,"CHI, DAL, COL",44%,"Good [21,29,83]",0,3,0,6,WPG23
WPG,24,6,1,"SEA, STL, PHI, VGK, UTA, S.J",28%,"Excellent [4,22,18,44,52,50]",2,3,0,0,WPG24
WSH,1,3,2,"BOS, NYI, NYR",32%,"Good [16,39,40]",2,2,0,79,WSH1
WSH,2,3,2,"T.B, MIN, VAN",28%,"Excellent [50,25,32]",0,0,0,76,WSH2
WSH,3,3,1,"SEA, COL, OTT",40%,"Good [4,83,32]",2,1,0,73,WSH3
WSH,4,3,1,"DAL, NYI, BUF",38%,"Good [29,39,46]",2,2,0,70,WSH4
WSH,5,3,1,"STL, PIT, T.B",40%,"Good [22,57,50]",2,2,0,67,WSH5
WSH,6,3,0,"CBJ, FLA, N.J",60%,"Average [58,63,50]",0,2,0,64,WSH6
WSH,7,4,1,"L.A, EDM, MTL, T.B",25%,"Excellent [50,33,17,50]",2,1,0,60,WSH7
WSH,8,4,1,"COL, WPG, TOR, NYI",48%,"Good [83,32,37,39]",0,1,0,56,WSH8
WSH,9,4,2,"L.A, S.J, ANA, COL",72%,"Difficult [50,50,61,83]",2,3,1,52,WSH9
WSH,10,2,0,"CBJ, WPG",45%,"Good [58,32]",0,1,0,50,WSH10
WSH,11,4,0,"MIN, TOR, DET, DET",40%,"Good [25,37,49,49]",2,2,0,46,WSH11
WSH,12,2,0,"NYR, N.J",40%,"Good [40,50]",0,1,0,44,WSH12
WSH,13,4,0,"FLA, NYR, OTT, CHI",39%,"Good [63,40,32,21]",2,2,0,40,WSH13
WSH,14,4,4,"ANA, DAL, CHI, NSH",35%,"Good [61,29,21,28]",0,2,0,36,WSH14
WSH,15,3,0,"MTL, S.J, FLA",40%,"Good [17,50,63]",0,0,0,33,WSH15
WSH,16,4,0,"CGY, VAN, CAR, EDM",50%,"Good [40,32,96,33]",2,4,0,29,WSH16
WSH,17,3,0,"SEA, DET, CBJ",37%,"Good [4,49,58]",0,2,0,26,WSH17
WSH,18,6,1,"NYI, PHI, NSH, PHI, VGK, MTL",27%,"Excellent [39,18,28,18,44,17]",4,2,0,20,WSH18
WSH,19,2,0,"UTA, BOS",34%,"Good [52,16]",0,1,0,18,WSH19
WSH,20,4,2,"CAR, PHI, BUF, BOS",44%,"Good [96,18,46,16]",2,2,0,14,WSH20
WSH,21,3,1,"OTT, N.J, CGY",36%,"Good [32,50,40]",0,0,0,11,WSH21
WSH,22,3,0,"STL, UTA, VGK",39%,"Good [22,52,44]",0,3,0,8,WSH22
WSH,23,4,0,"PHI, N.J, BUF, NYR",35%,"Good [18,50,46,40]",2,2,0,4,WSH23
WSH,24,4,1,"TOR, PIT, PIT, COL",58%,"Average [37,57,57,83]",2,3,0,0,WSH24
